FIC,Non_FIC
7559,1578
716,6469
2924,0
10,8228
18,2
58,6
2448,33
277,1
144,42
103,461
3856,1267
23,13
236,147
389,7
387,0
1344,815
320,29
156,5
65,595
1,0
3,978
14,12
1021,1598
119,151
668,103
134,834
55,9
1231,30
9,6
70,21
2,258
672,910
0,6
47,437
350,1012
4,338
9,6
37,1042
67,53
951,320
4,410
22,5
33,1
3,154
794,26
133,9
200,1134
30,19
143,1119
51,4
346,5
174,2
7,101
6,20
207,7
13,10
142,825
39,284
33,1033
4166,1
22,360
37,187
1,12
12,53
109,226
8,11
11,553
79,153
120,325
1263,2855
63,180
238,843
55,39
6,224
839,150
1110,1069
503,92
2,36
1058,46
6,833
270,340
1043,11
453,66
6,2248
815,7
1067,4
278,41
174,52
130,6
654,2
59,8
79,1346
5622,6
107,3
368,0
185,32
81,64
1053,21
337,64
252,117
113,5
6747,384
37,171
69,10
6,338
18,135
17,58
46,14
4397,43
524,594
1,16
1,1
122,7
680,25
17,12
83,44
48,74
6052,33
6200,80
61,12
3583,55
158,5
488,16
15,85
596,4
124,111
62,2622
8,1422
1446,363
4,1004
100,66
464,144
1439,42
4,14
16,1183
2,131
1398,109
95,277
42,6
54,9
301,77
194,23
6,0
10,56
115,279
2,8
25,8
28,30
3532,10
725,11
25,129
300,39
8,1
19,0
71,3075
786,13
82,4
51,20
3,7
95,680
101,50
111,22
293,198
6975,0
4195,20
363,25
2908,257
11350,12
0,4
56,0
708,1298
61,354
0,4
5823,20
69,30
264,36
1104,38
15,2
570,0
5,619
128,20
0,27
0,14
388,2
114,370
70,14
5639,946
379,254
91,1554
1161,21
101,14
0,584
42,798
0,139
24,483
16692,592
6,1
838,121
1726,602
5789,654
157,132
33,166
726,26
1703,89
1542,1
217,322
213,924
609,1514
669,6845
64,60
35,37
154,25
1516,53
720,1289
777,14
6,40
1,312
10304,1104
0,22
0,3
1,9
0,3
0,3
0,0
0,78
1,425
0,11
0,2
1,732
341,171
942,4180
1,508
0,252
362,538
6,35
117,77
735,986
1221,43
26,10
9,445
2,708
2,81
784,12
0,1
137,6
30,224
0,4
33,696
0,361
0,60
255,12
281,50
406,91
956,16
63,10
7,0
485,59
44,0
0,10
32,100
109,33
79,2
1286,2173
0,392
545,261
26,1195
51,1751
11,20
79,1067
32,1244
119,1340
88,17
11,228
115,10
121,8
106,0
858,14
314,202
4,0
23,824
39,57
313,84
1213,51
0,0
181,0
664,203
0,57
175,17
667,300
107,677
16,1
1129,24
80,8
8,33
349,24
146,3
45,12
23,0
184,186
358,27
646,73
62,299
227,43
4036,1
1567,28
230,7
321,613
0,1
21,36
0,32
0,1865
162,2357
5412,44
764,9
238,40
273,23
1327,52
4174,590
505,0
61,565
36,46
8,22
468,3
3452,9
51,319
3230,0
1033,4
2753,10
76,120
234,2
0,0
0,0
5431,24
193,79
98,3
0,11
756,1
159,5
5,16
170,4
2044,1
589,20
170,2
462,37
820,0
1657,6
840,712
421,38
0,14
0,99
0,3
0,155
0,5666
304,12
934,5
1728,217
958,1011
2367,321
0,1007
0,24
98,310
253,1631
3,4292
35,1653
1,1328
1245,0
7,76
3136,362
13,331
12,0
245,98
2,3
58,15
1,242
20,2
15,269
8,13
239,807
41,72
6,27
12,29
166,1
0,162
5,923
229,17
23,86
24,144
786,416
0,83
50,1040
1452,187
4128,64
0,0
10197,83
26,154
109,0
163,1
2144,7
4263,777
6848,1562
183,4
90,7
86,24
275,1259
72,76
34,105
16,215
45,5415
103,208
72,25
0,115
10,1681
1178,26
286,1107
183,609
0,34
9,2320
1741,4419
301,177
3637,943
366,1172
772,225
3081,54
589,39
2861,2
0,1103
404,5
524,109
9,339
2479,29
2,23
1318,825
1771,71
0,122
0,16
115,4
1058,828
24,1929
0,14
0,110
26,109
139,41
0,608
0,143
629,451
841,668
1348,0
70,0
94,832
347,751
1497,13
696,42
609,457
76,26
836,2
8,119
1671,99
1219,1126
0,14
402,5638
0,12
3,12
227,0
0,1162
0,0
9,222
0,60
1136,1029
0,0
1618,1101
10,743
79,7216
673,18
643,237
195,74
17,0
185,19
31,5
713,21
46,8
792,47
0,8
0,6
0,5
0,1
0,603
39,12
131,44
44,188
0,386
588,834
1670,1
0,572
0,1496
0,39
450,3
1713,24
6,756
5,158
14,20
1738,366
1586,105
805,25
1361,2
558,0
2355,362
63,0
83,3
42,59
0,182
0,279
0,3
319,7441
41,8
12,17
0,9
0,11
0,4
0,0
53,9
7,17
59,1498
0,96
0,868
0,0
1,10
0,1186
1,3
25,0
3514,0
144,1
15,21
1,9
2,55
44,55
19,129
0,10
37,1299
11,2137
143,2
102,2705
0,5
0,141
9,23
107,662
0,4664
0,0
6,1
82,39
0,2285
882,0
47,1
304,28
1084,17
8,0
94,9
49,496
97,862
0,221
1992,5857
6,16
90,260
37,0
0,915
613,46
352,0
73,140
5,294
5,852
1410,386
0,1091
19,3702
10,272
1,461
0,18
0,5
0,8
0,180
0,281
0,2213
0,382
0,827
0,400
2631,1124
1763,4114
3600,53
1914,166
3,351
225,540
290,5449
57,12
230,29
953,1
1741,129
772,0
738,0
0,0
19,0
251,0
142,0
14,0
67,0
301,0
0,0
0,0
8,0
309,49
0,0
35,284
81,6
1,21
13,5
0,986
135,1310
1,0
378,0
995,0
0,0
383,430
337,51
562,22
1035,0
96,22
270,33
1410,445
115,208
228,459
204,143
203,788
749,0
0,7
75,205
154,35
1449,4
534,0
15,37
69,2136
3147,512
1400,90
70,4
1367,2
3145,2
1678,16
1403,18
1564,1
722,43
228,4
257,1
5,4
27,3
12,0
2534,2
92,0
0,30
187,1151
0,94
364,0
161,44
1043,746
17,4
45,84
29,1276
7,60
24,35
1086,80
13,4
0,8
0,5893
88,2527
0,2993
0,5656
0,1170
0,2
261,132
9,13
33,15
9,194
235,52
357,31
164,0
456,21
5145,74
0,1991
274,4976
867,19
174,35
543,38
888,23
1755,0
544,61
4,0
49,14
0,10
0,13
0,1986
687,63
388,174
2872,12
1032,64
0,48
265,3
26,41
1017,80
12,13
48,226
2120,2
2485,5
18,0
18,559
0,50
21,71
875,0
1,715
91,0
29,652
8,2
0,442
1764,4526
1,162
368,363
5,66
19,258
63,285
4,889
22,96
33,32
195,3484
681,6024
169,7387
0,8
540,9
2,13
59,16
160,29
1223,14
619,1630
649,775
1414,172
45,0
16,6
139,4
1585,95
2563,62
27,19
80,4
106,6095
6,487
19,1
82,2426
342,347
32,1087
41,0
1562,2
0,50
4,575
2,3
1228,1162
48,0
0,51
71,48
15,0
5064,10
99,38
891,0
12,1007
9,199
21,79
38,63
8,1
208,2
25,0
438,0
2,10
412,728
19,6
373,9
5,124
18,14
919,646
139,136
122,393
0,13
19,53
5,15
6,0
12,543
10,606
766,5
68,3
1008,525
1512,48
52,321
0,0
82,13
256,2968
0,3285
10,3
0,14
0,11
36,3
73,487
40,435
13,137
190,5
177,0
429,4
11,994
1361,27
120,17
316,0
0,1184
466,9008
957,0
213,0
576,3
0,141
430,1317
1104,1454
394,19629
213,25
44,6432
204,2082
203,1501
14,0
3,0
237,0
6,2155
2,8357
253,59
645,25
42,1014
63,44
37,125
637,0
157,485
57,4697
0,17
3838,5
2610,1370
59,85
297,1030
46,676
308,7016
64,906
0,23
305,2401
0,220
58,32
0,101
265,10
4,62
73,1069
34,104
1,16
0,17
13,45
27,10
32,10
0,2
20,10
10,7
4,5
0,3
1769,143
409,1
0,0
257,0
0,0
0,409
4,148
125,238
0,19
11,4
11,91
2541,72
76,219
0,32
1091,76
5,76
387,34
5,205
23,263
108,65
28,49
458,1
367,0
626,25
2,5
85,74
40,8
4,93
14,1
43,15
0,12
44,3719
71,62
109,198
772,11873
287,3044
1,684
116,10
15,1253
0,86
0,240
1,20
177,9
1010,7
14,93
266,785
274,1310
9,307
222,4469
412,276
0,766
245,0
131,1
7,0
56,3181
1555,454
2,2
36,117
5,4163
23,3
164,0
173,1156
23,113
38,22
322,128
1654,0
2579,179
1140,483
86,2
2,0
33,162
4795,259
134,165
4,466
1,53
19,12
817,18
199,3
0,2
1,6
2574,654
2,6
137,266
13,259
1718,31
151,14
0,15
1202,159
24,2812
4,1199
849,4683
0,1283
2298,2961
0,1344
11,340
136,192
42,2184
246,6
4233,9
1431,34
211,278
0,0
319,65
116,1119
236,2806
2204,2
0,1581
43,0
0,512
40,1423
19,0
933,721
22,1126
0,0
956,847
6,109
283,1199
220,347
239,0
219,3949
883,7173
220,34
13,152
93,3
42,12
1,0
525,7
664,9
644,12
9,22
74,56
351,1
228,106
70,1553
94,4
316,1447
154,10
206,0
2,0
1382,21
863,0
337,107
703,11
58,0
62,187
7,2438
96,38
59,10
789,71
35,23
0,19
1,2
299,1
1020,21
16,325
178,579
440,324
944,43
65,427
11,0
2087,339
952,362
14,21
194,0
211,85
1122,4
1104,687
75,247
0,84
13,22
714,53
20,87
32,563
4,872
77,1
91,63
174,12
73,412
188,0
4,39
34,396
37,1038
4191,797
81,157
136,87
2,0
81,877
200,171
385,1
1031,89
249,69
0,128
6,100
1,126
1468,1169
4,717
74,6600
38,619
0,212
394,194
27,14
2501,9
1,6745
561,150
409,99
261,4106
152,209
23,202
21,1
375,0
435,0
169,0
48,0
65,0
59,0
8,0
113,0
3007,0
0,0
439,0
0,0
0,0
0,0
35,0
1372,857
0,0
9,1695
0,949
46,379
515,151
3,1092
79,86
660,0
0,15
248,166
192,169
0,0
140,273
0,127
251,95
477,117
0,559
2225,206
48,0
246,155
4,97
0,659
24,1
25,353
89,3
21,12
121,10
2,22
0,3279
125,21
0,134
0,40
10,227
17,8
713,11
0,25
0,14
26,59
836,818
172,151
191,368
439,51
0,1111
932,1
142,27
45,26
76,163
151,662
184,0
12,0
477,0
554,0
28,1
97,497
0,0
22,19
55,2490
52,357
412,252
338,143
6,0
235,0
147,0
4,0
0,434
0,342
101,287
9,814
134,38
33,68
95,160
48,660
0,90
1,1601
2167,1655
5,3088
16,5
1,8
52,0
68,0
117,1
26,0
267,15
227,14
0,893
58,0
2,0
410,0
0,0
127,0
190,20
11,520
36,1
6,192
0,329
703,0
167,0
1,674
82,16
23,866
19,1
15,2
1,72
0,28
7,23
186,69
9,10
46,583
10,0
227,0
535,190
0,148
0,118
143,0
2788,0
52,13
1,1
637,0
46,0
0,0
0,97
0,59
0,11
36,1
106,16
4,8
65,27
878,309
1082,73
1821,64
2,5
67,16
6,50
792,127
0,215
3,46
55,0
117,11
497,200
872,28
312,1
2,29
141,93
1,35
146,154
0,163
165,68
246,5
0,426
3855,0
59,0
0,0
0,15
1057,3
378,69
116,74
3,58
392,11
898,14
209,13
0,7
615,0
11,10
688,98
3,0
0,43
0,186
4,396
11,62
477,81
0,40
2,162
149,15
1170,557
3,243
0,729
0,23
2,59
167,183
1,13
32,30
1,1
331,0
195,49
72,48
99,470
0,321
29,564
27,0
733,1
524,1
119,241
538,0
168,0
1184,380
216,43
39,93
133,10
115,9
1994,16
605,24
0,80
11,477
322,5
63,2651
0,30
0,659
25,0
100,248
2,9
561,219
1116,561
239,1
0,19
463,29
20,0
364,67
0,3
577,13
0,6
259,2
227,6
111,0
17,158
160,29
190,76
64,0
286,3
0,2
15,389
316,0
0,65
204,561
260,151
0,1
5,13
1,5
0,3
0,32
0,41
53,37
222,156
136,6
0,320
0,449
623,116
11,0
229,889
1,553
73,70
116,1
287,6
0,1
777,27
185,60
264,21
264,493
29,1
941,7
534,2
0,1216
0,13
1300,1065
4392,23
757,208
956,3
155,180
7,121
0,144
1042,331
713,182
635,165
124,0
238,107
0,70
73,12
6,66
149,58
0,820
65,209
133,3
71,1231
45,347
301,20
902,69
23,13
44,1
20,0
262,1
0,0
826,0
70,1
13,27
156,63
239,29
17,131
367,1120
451,114
358,626
2168,723
185,1422
2344,3
66,7
368,58
26,15
328,11
337,1679
461,0
40,45
0,906
324,116
21,940
31,543
21,166
774,89
0,0
135,1139
1089,1673
206,0
1438,13
253,42
125,1082
7,38
310,7
72,11
1164,15
1947,44
32,0
326,71
30,1
23,0
73,0
1290,16
0,681
179,0
1610,15
2277,1
3,26
0,0
216,8
182,16
21,1415
1106,486
25,0
0,1
152,0
162,177
340,2
1249,0
20,1599
832,467
205,3812
0,740
193,0
135,11
101,0
,278
,2548
,53
,550
,1
,0
,10
,14
,2
,2322
,3
,24
,2
,5
,2
,81
,63
,41
,2674
,40
,103
,415
,4
,0
,0
,33
,0
,9
,3
,3
,4
,4
,574
,219
,179
,26
,3
,425
,1257
,2
,38
,17
,61
,8
,4
,3
,533
,22
,0
,0
,46
,11
,1
,27
,1
,3
,2
,39
,0
,42
,0
,421
,112
,494
,1
,37
,68
,307
,1376
,2613
,0
,35
,42
,0
,10
,1
,0
,0
,243
,339
,0
,0
,6
,0
,5
,7
,8
,0
,0
,3
,434
,57
,1
,190
,193
,245
,153
,0
,0
,765
,561
,0
,0
,5
,5
,28
,5
,7
,0
,12
,0
,209
,533
,0
,7
,0
,0
,0
,17
,1
,1494
,1225
,2415
,1326
,1
,1
,2
,273
,368
,258
,0
,1377
,194
,1
,1519
,1216
,0
,0
,267
,1052
,1416
,1
,0
,0
,95
,182
,263
,3
,879
,52
,26
,40
,1240
,283
,8
,832
,23
,14
,219
,255
,0
,3
,0
,0
,3
,1
,2
,4
,8
,8
,1182
,306
,0
,1339
,0
,1036
,0
,108
,179
,28
,0
,56
,162
,0
,0
,0
,0
,23
,106
,1536
,0
,0
,0
,0
,0
,0
,0
,440
,275
,3
,6
,40
,6
,274
,2
,96
,0
,21
,297
,1992
,1
,3308
,185
,1718
,49
,14
,1102
,20
,84
,152
,111
,1032
,1223
,158
,1709
,150
,149
,2278
,1477
,320
,696
,27
,93
,45
,22
,129
,1263
,100
,8
,3
,346
,17
,528
,83
,198
,18
,201
,60
,195
,952
,0
,26
,109
,1078
,1351
,1155
,706
,1580
,106
,3
,70
,19
,60
,797
,38
,147
,413
,271
,1420
,819
,46
,33
,22
,177
,17
,109
,118
,41
,25
,3
,14
,685
,3480
,0
,0
,229
,119
,39
,84
,955
,44
,2
,31
,931
,22
,11
,26
,1146
,0
,0
,0
,0
,0
,0
,0
,0
,0
,177
,2
,368
,32
,813
,147
,1
,2
,5
,1
,1
,2
,0
,8
,9
,22
,14
,113
,89
,311
,116
,222
,2
,23
,6
,116
,0
,0
,0
,0
,23
,2
,57
,15
,11
,156
,0
,107
,188
,0
,869
,382
,6638
,173
,1
,89
,3535
,0
,27
,3
,18
,13
,3
,5
,1
,7
,3
,0
,31
,1
,9
,2
,2
,2
,80
,810
,14318
,212
,67
,1163
,858
,271
,331
,2592
,1245
,96
,34
,43
,8
,1274
,1126
,3
,751
,1630
,0
,0
,4481
,0
,0
,0
,0
,0
,0
,0
,0
,0
,0
,0
,842
,0
,3
,0
,1
,306
,429
,11
,475
,184
,102
,4458
,149
,65
,1600
,0
,1320
,579
,0
,0
,0
,0
,0
,0
,164
,0
,18
,14
,40
,371
,210
,47
,11
,21
,5
,27
,34
,0
,6
,0
,23
,4
,42
,59
,0
,25
,0
,16
,0
,63
,4
,11
,0
,44
,0
,69
,0
,0
,6
,0
,17
,0
,2
,0
,20
,58
,1
,11
,0
,9
,0
,138
,1213
,818
,1291
,1
,3
,5
,8
,1
,13
,6
,0
,18
,6
,7
,28
,0
,157
,60
,0
,0
,244
,741
,11
,33
,0
,414
,1
,0
,0
,2
,66
,1
,63
,819
,0
,0
,61
,33
,7
,149
,15
,10
,2
,0
,80
,11
,0
,1
,8
,0
,53
,26
,1203
,371
,560
,26
,0
,331
,945
,32
,0
,29
,0
,60
,0
,0
,0
,0
,171
,0
,111
,1296
,225
,0
,0
,0
,1039
,26
,0
,519
,0
,0
,0
,1
,0
,1
,55
,0
,81
,15
,836
,0
,21
,25
,23
,160
,46
,0
,12
,5
,4
,0
,1012
,1984
,744
,543
,708
,0
,2
,4536
,0
,0
,91
,1247
,2
,179
,19
,186
,978
,1
,52
,28
,0
,116
,0
,0
,347
,218
,14
,4
,17
,3
,3
,7
,0
,8
,8
,2
,575
,12
,6
,0
,0
,0
,0
,4
,2
,0
,4
,0
,0
,0
,0
,0
,0
,0
,5
,29
,9
,14
,19
,4
,0
,11
,34
,0
,0
,0
,35
,104
,242
,5
,666
,0
,19207
,0
,0
,0
,1845
,0
,4370
,64
,869
,5
,87
,603
,444
,322
,1802
,1205
,127
,2801
,0
,0
,0
,0
,0
,1
,1567
,4770
,638
,4177
,22
,3411
,7237
,43
,73
,758
,1
,0
,0
,0
,0
,0
,0
,0
,0
,0
,4
,0
,0
,0
,0
,0
,0
,0
,0
,0
,0
,0
,40
,0
,0
,12
,32
,124
,602
,448
,348
,8
,0
,105
,205
,126
,18
,38
,534
,112
,31
,1558
,29
,1405
,324
,0
,2025
,4
,43
,0
,856
,936
,0
,12
,0
,0
,305
,0
,57
,231
,608
,16
,8
,22
,6
,210
,39
,42
,2
,41
,1
,1040
,23
,4
,11
,358
,0
,30
,11
,18
,1451
,1130
,0
,0
,0
,0
,0
,0
,1261
,2
,574
,0
,0
,16
,19
,15
,1
,1335
,33
,3
,220
,169
,13
,0
,0
,25
,1044
,13
,0
,0
,0
,337
,50
,841
,57
,13
,261
,0
,185
,182
,4
,45
,5094
,2
,65
,1219
,450
,3
,2534
,42
,17
,1334
,1723
,14
,1284
,0
,0
,16
,0
,16
,459
,1353
,55
,3007
,1077
,4031
,1359
,46
,7526
,3
,5
,5
,22
,13
,1276
,4
,6907
,9163
,2
,13
,13
,5536
,9668
,221
,1
,970
,373
,2550
,545
,701
,88
,51
,2734
,4188
,4607
,4946
,1
,24
,0
,340
,1
,1477
,0
,318
,19
,38
,4
,162
,18
,272
,838
,239
,61
,18
,23
,34
,1096
,99
,18
,65
,87
,5
,55
,377
,114
,3411
,175
,862
,2
,119
,15
,0
,80
,34
,0
,40
,0
,0
,0
,0
,0
,6
,24
,177
,76
,374
,8
,73
,4
,196
,16
,223
,225
,1
,35
,1
,45
,14
,475
,29
,0
,25
,1
,118
,5
,1
,0
,0
,46
,6
,9
,2
,254
,132
,34
,201
,83
,537
,11
,5
,206
,278
,131
,30
,207
,2051
,2
,0
,2
,263
,2747
,12
,3
,0
,0
,1922
,3632
,0
,2
,3
,1
,24
,395
,0
,0
,0
,1
,10
,585
,0
,0
,0
,0
,0
,0
,0
,0
,236
,191
,306
,29
,4985
,337
,63
,0
,1
,4316
,0
,7673
,128
,3396
,1591
,39
,1332
,1
,1
,129
,3
,202
,1003
,4409
,49
,2
,589
,1
,762
,2
,53
,237
,66
,1
,7
,79
,39
,34
,2405
,172
,315
,31
,70
,196
,6
,8
,116
,61
,11
,24
,9
,2
,15
,7
,3
,1004
,372
,1
,0
,0
,0
,0
,0
,0
,0
,0
,0
,1
,0
,0
,0
,0
,0
,1114
,19
,6006
,53
,2
,50
,2822
,0
,23
,0
,10
,0
,45
,0
,11
,0
,18
,0
,15
,1
,12
,8
,1224
,8
,1063
,6
,230
,180
,0
,4
,0
,0
,0
,1105
,171
,187
,643
,5
,20
,100
,8230
,2
,1700
,1016
,19
,186
,116
,5086
,1447
,11
,22
,80
,1258
,1441
,77
,1031
,1
,92
,13
,7086
,1585
,1
,62
,51
,133
,2
,31
,2
,3696
,2176
,2
,66
,1
,51
,0
,85
,5
,14
,28
,834
,88
,1203
,2939
,10
,86
,552
,2318
,24
,235
,3866
,1
,1558
,63
,118
,53
,7
,1190
,18
,39
,121
,212
,891
,67
,295
,1388
,2705
,144
,301
,1339
,0
,9
,20
,1
,19
,4
,130
,13
,74
,304
,1051
,0
,0
,0
,0
,2
,19
,0
,1087
,0
,0
,1158
,2
,2
,243
,52
,0
,11
,5810
,10
,0
,0
,244
,1
,1
,0
,0
,390
,373
,517
,11
,878
,174
,0
,173
,0
,22
,1297
,44
,0
,301
,10
,763
,24
,4
,18
,180
,45
,0
,0
,0
,0
,0
,0
,12
,0
,16
,0
,256
,60
,18
,53
,43
,7
,12
,0
,99
,778
,0
,0
,0
,1
,0
,53
,49
,6
,35
,287
,226
,27
,7858
,4
,1049
,2099
,867
,2
,10
,4
,3039
,936
,0
,0
,11
,0
,0
,124
,1
,12
,1
,18
,0
,42
,0
,62
,1
,67
,1
,552
,77
,0
,155
,0
,32
,1
,1321
,300
,7130
,2413
,38
,1281
,18
,36
,11
,650
,4
,5
,1091
,2069
,5
,0
,0
,551
,0
,0
,0
,0
,0
,0
,0
,0
,0
,0
,0
,31
,2
,25
,52
,2
,27
,0
,0
,0
,0
,0
,0
,42
,0
,0
,6
,6
,1
,0
,0
,13
,1130
,3
,116
,52
,119
,631
,27
,3
,61
,2
,1
,17
,29
,260
,22
,4
,0
,8
,0
,45
,10
,0
,17
,0
,0
,0
,0
,0
,0
,0
,0
,0
,0
,12
,0
,66
,39
,1858
,8
,749
,131
,0
,1669
,1154
,1798
,3142
,612
,0
,4
,80
,11
,14
,11
,181
,30
,1
,42
,165
,759
,1
,2
,0
,18
,3
,1
,74
,136
,67
,19
,5
,2
,6
,0
,14
,800
,3
,184
,116
,0
,37
,0
,143
,66
,970
,5
,61
,38
,128
,313
,37
,19
,811
,40
,16
,132
,28
,79
,103
,276
,0
,0
,40
,0
,36
,86
,1
,37
,7
,1
,10
,884
,544
,0
,0
,1
,53
,130
,1
,77
,0
,21
,0
,323
,42
,112
,112
,16
,1
,39
,17
,33
,28
,0
,8
,5
,20
,8
,0
,0
,0
,0
,0
,0
,5
,314
,9
,35
,0
,0
,4
,0
,0
,16
,0
,88
,32
,130
,68
,11
,4
,26
,1
,31
,83
,26
,293
,1
,529
,444
,41
,486
,72
,43
,138
,87
,53
,2
,0
,0
,12
,3
,2
,62
,0
,16
,13
,726
,47
,69
,7
,201
,344
,577
,159
,51
,49
,96
,33
,19
,0
,156
,889
,25
,1437
,4
,3
,12
,7
,3
,25
,41
,2533
,2824
,0
,227
,34
,533
,37
,29
,70
,536
,4554
,154
,13
,4
,0
,0
,228
,33
,90
,1
,974
,615
,0
,129
,1
,22
,103
,4
,85
,17
,33
,1413
,40
,168
,261
,24
,7
,10
,3
,2
,1
,4
,2
,42
,21
,0
,7
,0
,0
,3
,4
,0
,33
,20
,18
,188
,13
,5
,9
,29
,13
,8
,161
,333
,277
,3
,16
,25
,6
,62
,32
,0
,0
,118
,72
,1
,68
,359
,1
,53
,100
,11
,476
,1343
,279
,0
,1451
,0
,0
,0
,1
,0
,0
,2
,0
,1
,4
,1
,6
,0
,13
,3
,1
,1042
,5
,4483
,72
,101
,36
,31
,62
,806
,28
,36
,1
,2
,0
,0
,28
,36
,102
,86
,195
,8
,35
,639
,14
,44
,252
,76
,42
,8
,82
,0
,6
,0
,350
,1082
,694
,20
,533
,51
,80
,854
,184
,2221
,0
,0
,0
,0
,0
,0
,0
,0
,0
,99
,78
,757
,19
,5
,112
,78
,236
,596
,286
,3
,81
,8
,35
,128
,41
,95
,16
,0
,0
,0
,1
,0
,0
,99
,58
,28
,336
,19
,19
,38
,300
,25
,25
,200
,0
,0
,0
,9
,2
,5
,0
,0
,0
,1
,0
,28
,3
,9
,16
,8
,24
,517
,72
,1
,0
,3
,0
,46
,32
,149
,21
,112
,0
,1
,24
,262
,1062
,1
,4473
,2488
,481
,91
,273
,1
,915
,1
,0
,177
,0
,0
,1498
,1
,2
,1337
,60
,5078
,8
,2927
,168
,392
,2
,3
,102
,0
,0
,4
,0
,0
,9
,0
,0
,3
,2
,8
,0
,0
,0
,0
,0
,7
,0
,0
,0
,8
,26
,0
,0
,3
,0
,0
,0
,2
,38
,0
,0
,11
,34
,15
,1877
,2
,71
,156
,7
,131
,52
,291
,2
,614
,1227
,108
,1
,10
,0
,0
,6
,3
,2
,2
,95
,55
,5
,14
,3
,83
,1
,0
,39
,543
,0
,15
,7
,0
,26
,2
,28
,5
,34
,34
,3
,0
,1
,1
,680
,3613
,4
,1
,163
,0
,1
,440
,15
,56
,683
,16
,46
,208
,0
,0
,0
,0
,2
,19
,24
,56
,1060
,897
,1
,0
,838
,17
,0
,0
,0
,0
,0
,0
,0
,2
,0
,0
,0
,0
,29
,306
,111
,465
,0
,446
,10
,1
,2
,284
,11
,0
,12
,1
,30
,98
,0
,5
,4
,5
,1
,3555
,43
,421
,76
,1
,191
,0
,475
,15
,222
,1
,55
,0
,313
,0
,3
,0
,0
,0
,130
,471
,44
,0
,88
,259
,2808
,0
,10
,0
,4
,0
,2
,0
,8
,0
,3
,0
,9
,1
,29
,0
,8
,0
,7
,0
,20
,0
,89
,0
,66
,3
,0
,65
,0
,3839
,1
,12
,7
,75
,0
,72
,2
,3
,1
,237
,23
,5
,63
,11
,14
,1
,30
,11
,880
,0
,35
,125
,3
,2
,52
,2
,2
,2
,4
,38
,1
,3
,0
,140
,24
,31
,0
,0
,0
,0
,0
,133
,0
,2
,0
,7
,0
,0
,33
,1
,23
,56
,0
,0
,418
,257
,5
,124
,109
,0
,21
,147
,30
,52
,60
,0
,0
,0
,0
,16
,1
,0
,76
,45
,659
,217
,11
,0
,96
,119
,60
,64
,1389
,8
,22
,185
,130
,46
,760
,0
,3192
,1282
,409
,2
,857
,1
,1553
,1
,0
,56
,10
,231
,61
,1005
,491
,4057
,1
,118
,62
,4
,2617
,79
,0
,0
,30
,11
,3
,96
,3
,76
,0
,7
,386
,32
,95
,1
,13
,72
,11
,810
,72
,0
,1113
,6
,375
,41
,182
,1
,0
,0
,0
,1
,151
,0
,507
,47
,309
,6
,168
,37
,0
,0
,372
,112
,547
,201
,66
,36
,263
,430
,600
,186
,0
,1
,5
,388
,46
,7
,0
,0
,0
,130
,0
,0
,108
,45
,1
,7
,0
,179
,5566
,1
,148
,2718
,0
,5808
,29
,88
,62
,56
,10
,58
,767
,0
,4
,0
,0
,1
,137
,0
,2
,3
,1
,112
,224
,111
,0
,1
,2
,4
,1295
,38
,171
,3
,2
,14
,438
,272
,1
,648
,12
,1
,6
,5
,889
,11
,1
,167
,69
,0
,73
,0
,0
,35
,0
,0
,0
,0
,3719
,191
,259
,2271
,2
,10
,1
,907
,2201
,1103
,767
,22
,10
,174
,9
,6
,496
,10
,3
,773
,2726
,70
,161
,0
,5
,0
,0
,0
,31
,7
,7
,88
,168
,12
,31
,1267
,6658
,1
,15
,13
,2
,0
,57
,41
,4
,0
,11
,12
,53
,20
,6
,0
,2
,4
,3
,55
,24
,14
,0
,107
,4
,47
,194
,22
,6
,1
,15
,634
,1
,133
,5
,293
,19
,1053
,7443
,466
,73
,1298
,1
,18
,8
,64
,51
,0
,777
,93
,11
,282
,185
,162
,2
,2
,129
,19292
,1697
,188
,13
,2581
,0
,0
,0
,0
,0
,0
,264
,6
,188
,122
,2
,1
,830
,1
,2
,1
,1
,1
,1
,1
,8
,0
,0
,30
,45
,204
,594
,477
,1482
,20
,185
,86
,98
,13
,1253
,637
,43
,70
,263
,37
,0
,0
,27
,51
,0
,0
,0
,0
,0
,0
,0
,0
,0
,0
,0
,0
,6
,21
,1221
,81
,5
,33
,778
,2
,14
,2
,75
,397
,549
,72
,19
,1
,14
,7
,1
,9
,15
,17
,106
,5
,19
,2790
,331
,1061
,13
,43
,72
,1
,96
,8
,3
,3
,7
,9
,7
,798
,184
,48
,0
,0
,0
,0
,10
,183
,5
,7
,17
,10
,0
,0
,114
,564
,887
,0
,1
,0
,264
,0
,15
,1140
,86
,910
,27
,46
,34
,16
,2
,0
,0
,0
,0
,199
,1
,0
,77
,0
,4043
,949
,8
,100
,17
,1
,3
,44
,33
,31
,1
,43
,4
,19
,4
,264
,34
,0
,447
,0
,0
,132
,37
,6
,131
,0
,15
,6
,15
,381
,4
,3
,14
,194
,661
,0
,1
,0
,15
,79
,0
,0
,0
,114
,1
,10
,74
,340
,54
,7
,269
,731
,4242
,101
,0
,2298
,10
,7
,3
,7
,711
,0
,5311
,2785
,2
,54
,0
,573
,2759
,3
,0
,0
,0
,0
,0
,652
,4935
,162
,109
,1
,0
,9
,335
,732
,0
,2
,5662
,151
,42
,1
,40
,156
,2
,690
,46
,236
,538
,872
,136
,93
,713
,536
,235
,65
,1
,626
,23
,547
,91
,95
,93
,384
,585
,152
,16
,4
,610
,2
,34
,112
,8
,7
,1219
,273
,0
,20
,2
,544
,146
,77
,1082
,5
,171
,100
,0
,0
,0
,143
,147
,63
,1595
,1089
,881
,3
,427
,33
,66
,52
,1
,78
,450
,1
,52
,154
,0
,30
,1348
,168
,10
,891
,72
,156
,2
,453
,1050
,2713
,122
,2
,239
,0
,0
,3
,0
,14
,772
,3
,88
,14
,12
,77
,1552
,1275
,212
,0
,826
,25
,90
,14
,252
,1235
,998
,703
,6
,17
,239
,0
,2
,16
,744
,47
,293
,41
,206
,33
,9
,774
,4
,4
,303
,3
,3
,0
,26
,5
,6
,0
,0
,0
,0
,0
,0
,3
,13
,0
,511
,15
,0
,998
,0
,0
,17
,1
,11
,1
,51
,135
,1
,1303
,1
,3
,0
,39
,1
,29
,0
,827
,0
,1
,0
,93
,15
,1
,53
,5
,47
,39
,35
,254
,3
,182
,0
,533
,0
,41
,0
,478
,2991
,2823
,4
,1
,1105
,50
,65
,33
,1
,11
,14
,8
,25
,7
,0
,3
,59
,0
,59
,20
,0
,41
,5
,1
,47
,7
,18
,26
,6
,0
,0
,0
,273
,829
,17
,30
,243
,58
,1
,37
,0
,15
,23
,703
,94
,2
,0
,663
,34
,395
,24
,9
,13
,147
,2923
,20
,11
,1
,7
,26
,179
,10
,1
,40
,26
,14
,0
,1
,42
,13
,1297
,0
,1
,1
,1
,48
,15
,226
,106
,883
,1
,0
,1189
,1
,180
,55
,1946
,2180
,5
,652
,0
,0
,6
,1435
,46
,1
,31
,926
,7772
,0
,0
,0
,946
,3
,1
,4
,6
,20
,4
,177
,5
,1131
,1
,23
,0
,0
,0
,0
,0
,0
,1362
,169
,3
,0
,148
,0
,0
,0
,3
,4
,21
,57
,775
,4514
,1
,367
,933
,2
,46
,5
,51
,8
,42
,32
,22
,87
,2
,31
,2
,0
,0
,6
,3
,0
,0
,316
,193
,6
,72
,34
,93
,1
,0
,59
,0
,1
,8
,0
,1
,1
,6
,49
,100
,59
,116
,34
,0
,165
,31
,2
,2
,0
,18
,30
,61
,207
,31
,16
,0
,0
,21
,0
,68
,27
,196
,0
,52
,2
,41
,0
,53
,0
,33
,149
,332
,6
,57
,66
,0
,109
,199
,6
,0
,0
,5
,5
,22
,1746
,1606
,52
,4065
,1040
,0
,1731
,70
,0
,0
,483
,3
,8937
,0
,10
,4224
,295
,44
,5
,0
,1443
,8
,0
,603
,65
,2
,4
,19
,10
,0
,42
,23
,137
,139
,55
,15
,12
,1
,163
,832
,364
,94
,0
,9
,13
,27
,0
,0
,2
,155
,162
,2
,328
,13
,0
,0
,0
,2
,7
,3
,132
,16
,368
,1165
,1
,4
,23
,2
,901
,0
,1920
,0
,1
,20
,17
,3835
,316
,7
,379
,3
,0
,4
,11
,444
,663
,1
,0
,0
,0
,542
,155
,146
,158
,984
,2
,3
,1
,312
,1027
,456
,327
,7
,2
,175
,30
,17
,652
,12
,2
,25
,601
,0
,0
,0
,978
,638
,0
,11
,92
,1
,37
,32
,27
,0
,327
,0
,0
,0
,6
,790
,1
,49
,1
,72
,0
,0
,4
,13
,230
,1
,58
,32
,5
,3875
,49
,71
,14
,0
,2
,1306
,142
,356
,801
,88
,182
,578
,0
,261
,1
,99
,38
,0
,0
,0
,28
,11
,55
,517
,2
,68
,36
,0
,0
,1
,0
,93
,0
,5
,0
,166
,19
,2
,24
,640
,623
,0
,82
,3
,7
,17
,135
,7
,15
,8
,21
,258
,405
,0
,1
,778
,75
,93
,10
,22
,222
,44
,23
,0
,0
,102
,19
,31
,8
,251
,49
,71
,37
,3
,87
,0
,0
,0
,0
,3
,1
,5
,5
,29
,146
,17
,151
,307
,112
,4
,9
,87
,0
,2
,42
,89
,136
,22
,1580
,2
,0
,0
,19
,1
,3
,42
,1685
,851
,99
,11
,147
,186
,0
,78
,19
,10
,67
,0
,17
,748
,10
,29
,0
,65
,25
,17
,52
,0
,44
,17
,170
,45
,0
,131
,22
,1
,22
,0
,128
,710
,339
,35
,0
,986
,290
,0
,1138
,30
,55
,2394
,1162
,9
,1261
,0
,2404
,17
,236
,44
,2785
,1594
,38
,0
,0
,596
,3
,2
,3
,2
,1204
,6
,8
,11
,0
,22
,9
,747
,0
,1
,286
,0
,30
,108
,14
,1
,491
,39
,227
,1
,595
,2
,4
,75
,5
,716
,5
,104
,97
,20
,400
,3
,3
,3
,73
,133
,52
,1
,41
,1
,35
,65
,0
,652
,308
,125
,2
,26
,25
,0
,3
,118
,0
,7725
,0
,1
,97
,31
,4
,86
,13
,74
,0
,21
,100
,56
,30
,3
,63
,0
,20
,54
,1
,1
,2
,0
,88
,1
,6
,0
,18
,96
,23
,159
,52
,72
,385
,31
,4
,40
,12
,147
,18
,5
,159
,24
,1025
,403
,1242
,68
,893
,206
,0
,18
,1318
,3
,44
,0
,797
,49
,76
,7
,189
,172
,61
,171
,620
,15
,56
,0
,1
,12
,0
,127
,73
,347
,1
,13
,0
,61
,4
,65
,2
,20
,51
,238
,175
,170
,3
,3
,23
,6
,128
,46
,41
,20
,9
,20
,23
,19
,0
,0
,0
,0
,56
,0
,0
,0
,1
,119
,123
,0
,0
,0
,0
,0
,0
,4
,1
,10
,1
,2
,0
,44
,1
,91
,2
,6
,14
,46
,17
,0
,12
,8
,138
,114
,43
,0
,72
,38
,0
,1768
,23
,121
,45
,4413
,2
,84
,1
,60
,2
,7
,11
,810
,0
,106
,140
,94
,5
,105
,0
,80
,4
,1246
,15
,245
,228
,3
,41
,12
,4
,3
,5
,25
,915
,1276
,2809
,0
,548
,0
,1
,64
,0
,0
,2
,1
,271
,0
,0
,6788
,1502
,2
,899
,376
,1
,2
,2843
,41
,0
,5
,1322
,8
,31
,21
,922
,147
,0
,115
,37
,19
,1
,54
,45
,218
,14
,25
,7
,0
,0
,18
,0
,11
,0
,1412
,0
,40
,33
,0
,12
,0
,128
,4
,1
,17
,12
,1
,862
,6
,32
,0
,215
,28
,131
,24
,692
,0
,478
,0
,68
,1491
,971
,2089
,0
,13
,3
,0
,361
,3
,11
,116
,0
,0
,5
,4
,14
,0
,35
,0
,2
,2
,0
,8
,6
,8
,1
,3
,1101
,7
,26
,102
,4
,18
,14
,2
,35
,60
,0
,6
,11
,0
,9
,13
,94
,0
,7
,2
,266
,32
,13
,39
,0
,0
,16
,0
,674
,0
,89
,0
,245
,0
,14
,26
,17
,1
,23
,1
,1012
,213
,128
,161
,44
,4000
,92
,35
,3
,104
,89
,7
,38
,6
,1
,0
,24
,6
,80
,14
,47
,3
,8
,2
,1
,0
,13
,2
,113
,0
,346
,0
,193
,80
,38
,13
,3
,12
,2
,69
,7
,36
,1
,58
,0
,20
,86
,58
,252
,624
,0
,1
,46
,32
,6
,77
,27
,99
,2
,12
,47
,14
,1
,9
,27
,0
,67
,71
,6
,3
,15
,74
,14
,2
,3
,5
,39
,12
,16
,0
,3
,0
,2
,4
,1051
,184
,7
,746
,230
,21
,164
,0
,35
,1
,9
,37
,0
,1
,3
,0
,25
,3
,8
,48
,0
,295
,12
,786
,29
,14
,56
,12
,0
,57
,49
,7
,291
,113
,5
,1
,24
,0
,4
,22
,2103
,362
,0
,3
,30
,3
,7
,117
,34
,5
,20
,0
,587
,51
,16
,0
,15
,33
,74
,34
,22
,94
,0
,8
,6
,2
,221
,0
,96
,45
,0
,2207
,0
,5
,648
,806
,30
,3
,12
,208
,323
,12
,209
,9
,37
,39
,11
,2
,1
,62
,271
,157
,4
,7
,2665
,2
,30
,237
,779
,1
,8
,0
,47
,3
,329
,13
,28
,945
,16
,124
,133
,1
,5
,176
,8
,238
,37
,609
,10
,36
,35
,26
,2
,39
,0
,30
,1
,10
,139
,616
,12
,295
,1
,2
,12
,2
,4
,17
,1
,1302
,0
,24
,69
,6
,420
,14
,0
,22
,0
,17
,8
,1044
,864
,360
,403
,301
,916
,315
,1
,13
,10
,1
,0
,892
,6
,0
,0
,1
,0
,100
,10
,0
,13
,68
,6
,0
,312
,0
,21
,2
,11
,0
,0
,2
,22
,0
,36
,23
,15
,31
,171
,11
,490
,653
,2
,50
,49
,2
,2
,1
,27
,5
,12
,6
,1
,3782
,366
,1305
,327
,2
,9
,27
,6
,51
,0
,163
,81
,53
,0
,355
,339
,3148
,1078
,19
,51
,3
,38
,335
,3
,37
,1388
,1174
,0
,7
,0
,190
,978
,1
,8
,20
,94
,266
,264
,695
,7
,99
,21
,2
,101
,1045
,404
,223
,43
,313
,0
,618
,0
,17
,61
,20
,9
,0
,0
,9
,72
,3
,9
,12
,5
,6
,1
,32
,32
,1
,171
,6
,30
,1335
,1175
,1060
,130
,607
,25
,872
,0
,0
,46
,5
,794
,445
,97
,215
,31
,0
,25
,23
,78
,114
,4
,101
,5
,0
,84
,179
,666
,4
,0
,1
,20
,20
,165
,31
,1
,252
,86
,810
,76
,0
,1
,0
,0
,0
,0
,152
,34
,21
,3915
,39
,3
,4
,62
,145
,102
,36
,12
,16
,178
,11
,309
,460
,32
,96
,455
,62
,0
,0
,33
,1412
,10
,11
,5
,15
,83
,198
,27
,434
,183
,2
,113
,90
,41
,882
,10
,328
,0
,793
,87
,80
,51
,365
,0
,159
,82
,7
,16
,54
,560
,1
,0
,325
,13
,236
,0
,85
,0
,86
,842
,11
,109
,80
,298
,22
,717
,240
,180
,94
,250
,210
,239
,33
,10
,43
,76
,2117
,111
,2
,68
,1238
,0
,0
,20
,1
,407
,14
,34
,1
,19
,81
,62
,0
,24
,0
,0
,476
,0
,27
,54
,0
,0
,14
,0
,0
,1
,0
,17
,163
,384
,93
,53
,49
,3
,44
,25
,0
,32
,25
,9
,163
,0
,125
,83
,158
,366
,39
,23
,0
,4
,98
,139
,15
,21
,0
,34
,1
,9
,0
,14
,0
,95
,3
,332
,0
,73
,282
,180
,28
,196
,0
,19
,719
,31
,468
,1400
,28
,3
,1035
,6
,53
,63
,1209
,2
,8
,54
,17
,17
,29
,1
,5
,107
,2
,1
,14
,12
,2
,5
,22
,0
,0
,0
,6
,462
,659
,28
,3
,2
,31
,0
,0
,85
,0
,0
,3
,757
,1013
,492
,1
,7
,70
,1
,10
,3
,2539
,3
,220
,361
,834
,179
,25
,16
,3
,103
,1103
,367
,6
,0
,0
,0
,0
,76
,0
,0
,0
,0
,88
,1
,0
,20
,3
,2
,0
,82
,114
,20
,8
,12
,13
,881
,0
,64
,57
,34
,263
,14
,1010
,107
,34
,5
,2
,15
,2507
,140
,15
,0
,8
,163
,439
,538
,371
,15
,354
,165
,0
,18
,312
,0
,301
,428
,275
,20
,0
,11
,0
,2
,3
,1
,0
,34
,0
,25
,2
,726
,0
,1
,69
,1
,6
,0
,73
,4548
,95
,3
,151
,127
,443
,7
,16
,9
,0
,0
,0
,0
,0
,0
,0
,0
,0
,0
,0
,0
,0
,0
,0
,0
,0
,0
,144
,358
,2
,3
,1
,46
,191
,0
,0
,146
,393
,517
,10
,220
,2
,64
,15
,51
,0
,340
,10
,234
,45
,0
,0
,0
,0
,1
,0
,0
,0
,0
,0
,0
,0
,37
,10
,73
,844
,423
,47
,83
,181
,8
,1
,5
,256
,0
,43
,4
,2
,10
,2797
,0
,0
,0
,23
,83
,0
,8
,0
,2
,4
,0
,14
,0
,0
,792
,2
,125
,323
,17
,95
,12
,9
,0
,0
,0
,0
,4
,246
,3
,5
,2
,2
,21
,0
,669
,1
,15
,19
,166
,0
,139
,3
,0
,10
,3
,34
,40
,22
,21
,9
,5
,0
,1
,0
,1
,44
,399
,1
,18
,99
,3
,41
,0
,94
,0
,19
,1
,32
,0
,10
,0
,215
,0
,122
,0
,0
,5
,1
,20
,81
,0
,8
,0
,3
,602
,337
,1
,86
,25
,68
,1
,1
,856
,150
,529
,3988
,1456
,2
,1
,24
,64
,31
,42
,158
,37
,2
,578
,1441
,260
,1
,4
,1
,0
,7
,43
,469
,189
,93
,304
,78
,15
,2594
,1556
,6
,4
,11
,59
,41
,13
,4
,3
,908
,1422
,218
,32
,918
,271
,11
,1
,0
,2
,21
,5
,9
,3
,72
,31
,0
,28
,1
,124
,18
,207
,259
,13
,602
,1
,27
,0
,78
,0
,32
,0
,1913
,5
,1100
,1
,23
,183
,0
,12
,308
,6
,30
,11
,45
,11
,15
,142
,12
,14
,0
,16
,43
,0
,41
,0
,0
,17
,12
,6
,85
,3
,2
,5
,4
,18
,0
,7
,12
,16
,8
,152
,19
,1
,360
,24
,1
,0
,15
,1
,71
,69
,0
,110
,0
,58
,94
,889
,2598
,0
,1
,2286
,249
,2095
,65
,179
,1683
,32
,11
,3
,347
,33
,557
,243
,1477
,52
,1152
,63
,18
,154
,0
,7
,29
,0
,10
,202
,27
,171
,462
,12
,1
,16
,15
,980
,6
,38
,9
,8
,648
,3
,360
,39
,48
,62
,53
,41
,36
,341
,0
,4
,824
,487
,0
,2477
,0
,483
,631
,0
,8
,35
,353
,21
,184
,187
,40
,659
,5
,1
,224
,0
,0
,174
,295
,342
,31
,190
,1693
,0
,4437
,57
,23
,5
,84
,1371
,1541
,953
,341
,11
,58
,6
,39
,113
,810
,4
,2942
,2600
,154
,26
,256
,68
,90
,9
,13
,769
,146
,7
,35
,26
,0
,13
,0
,0
,16
,26
,80
,733
,17
,1
,37
,139
,0
,0
,38
,36
,5
,5
,125
,2
,67
,614
,54
,4
,23
,338
,96
,0
,74
,1190
,78
,1468
,0
,98
,0
,0
,0
,61
,20
,67
,0
,0
,0
,1
,9
,31
,42
,189
,46
,532
,65
,272
,205
,773
,4
,0
,1
,1
,1
,1
,0
,0
,1
,0
,0
,1
,0
,3
,0
,0
,2
,3
,18
,0
,19
,0
,85
,0
,0
,0
,0
,0
,1
,0
,0
,5
,16
,4
,20
,1
,2
,75
,7
,44
,5
,10
,3
,17
,14
,0
,13
,0
,116
,0
,0
,6
,0
,2
,1
,24
,70
,100
,32
,1
,7
,0
,255
,45
,457
,114
,8
,93
,2
,29
,45
,95
,33
,119
,3
,17
,74
,991
,152
,171
,1
,7
,5
,14
,91
,1
,821
,120
,2
,1
,334
,10
,1
,0
,3
,4
,609
,6
,3
,135
,2893
,1
,168
,15
,112
,2
,60
,4
,127
,55
,0
,1
,13
,12
,40
,5
,119
,13
,12
,4
,38
,201
,0
,86
,0
,276
,1213
,6
,612
,253
,0
,0
,6
,5
,1
,18
,10
,25
,6
,131
,889
,2
,56
,1
,8
,7
,41
,32
,0
,19
,3
,0
,0
,238
,0
,119
,861
,19
,33
,1873
,0
,0
,0
,656
,130
,855
,8
,0
,0
,0
,0
,54
,97
,0
,47
,119
,42
,0
,204
,0
,496
,21
,64
,29
,50
,35
,39
,2
,2
,10
,9
,9
,18
,3
,3
,128
,5
,61
,14
,2
,297
,54
,0
,22
,655
,23
,694
,0
,0
,0
,0
,14
,18
,53
,3
,305
,168
,39
,0
,104
,7
,0
,0
,0
,0
,27
,1015
,0
,6
,6
,462
,1641
,9
,16
,10
,20
,0
,0
,138
,1
,107
,4
,7
,21
,0
,80
,33
,16
,2
,990
,0
,42
,76
,54
,51
,0
,0
,62
,3
,4
,3
,31
,0
,1
,0
,1
,1
,0
,2
,1
,1
,0
,0
,16
,22
,18
,4
,3
,2
,1691
,3876
,0
,57
,71
,5
,225
,6
,0
,2
,19
,0
,19
,17
,61
,1
,4
,0
,1
,1
,0
,0
,28
,1
,563
,30
,61
,0
,4
,3
,38
,15
,85
,0
,130
,79
,140
,91
,81
,21
,40
,7
,1
,517
,1
,0
,5
,36
,332
,9
,4
,1124
,354
,34
,5
,4
,3
,31
,0
,981
,175
,233
,0
,5
,9
,724
,0
,3055
,7
,20
,3
,160
,1065
,1411
,2
,569
,1115
,18
,35
,396
,7
,37
,631
,220
,117
,80
,3
,14
,52
,370
,0
,8
,1
,999
,0
,77
,1
,216
,167
,13
,1949
,342
,23
,1
,0
,15
,369
,1
,19
,3
,59
,548
,15
,4
,23
,316
,51
,120
,163
,4
,7
,5
,992
,7
,23
,0
,25
,3
,17
,6
,1
,52
,737
,174
,354
,0
,78
,0
,17
,22
,25
,0
,2
,83
,28
,648
,61
,167
,203
,5
,1210
,550
,1905
,13
,34
,12
,8
,21
,17
,29
,72
,352
,1
,116
,2
,24
,29
,5
,103
,1209
,17
,18
,1
,22
,11
,11
,2
,18
,49
,37
,0
,679
,26
,47
,269
,4
,64
,367
,5
,621
,249
,1
,2
,251
,0
,241
,3
,74
,0
,0
,1
,5
,4
,36
,399
,17
,5
,166
,369
,0
,22
,20
,5
,2
,1
,1
,1
,19
,55
,21
,29
,4
,2410
,1273
,353
,58
,1100
,12
,15
,407
,28
,612
,296
,64
,174
,1174
,319
,487
,22
,7
,0
,31
,87
,404
,23
,103
,2250
,0
,105
,121
,2
,108
,29
,130
,61
,41
,650
,0
,47
,2
,89
,80
,39
,4
,973
,229
,73
,353
,26
,2
,3
,1
,0
,22
,109
,3
,119
,196
,17
,0
,25
,294
,53
,0
,47
,0
,0
,34
,1
,266
,17
,324
,2
,3
,44
,2
,1
,7
,4
,20
,3
,190
,6
,50
,171
,11
,1
,55
,6
,0
,7
,29
,104
,0
,106
,0
,547
,996
,332
,2876
,8
,2897
,139
,1
,3778
,17
,6
,32
,144
,241
,5233
,1
,125
,391
,3
,13
,6
,32
,1
,6
,58
,8
,1
,1
,622
,24
,8
,1
,16
,67
,1
,195
,25
,27
,165
,0
,13
,0
,29
,10
,469
,853
,13
,15
,144
,2
,0
,22
,8
,32
,0
,436
,7
,53
,636
,96
,2
,2
,22
,10
,2
,19
,473
,6
,517
,1552
,2
,87
,226
,27
,28
,0
,7
,0
,142
,1
,16
,4
,46
,0
,0
,0
,327
,2219
,3
,2
,62
,114
,108
,0
,0
,75
,112
,237
,0
,21
,4
,2
,929
,0
,51
,280
,88
,33
,41
,412
,65
,13
,30
,80
,73
,49
,71
,4
,126
,8
,0
,4
,0
,0
,0
,29
,0
,0
,20
,78
,19
,24
,2311
,14
,1448
,4
,299
,9
,36
,18
,9
,9
,263
,17
,21
,26
,244
,3
,1
,253
,35
,48
,2
,65
,0
,0
,14
,4
,1
,62
,133
,3
,4
,4
,21
,2
,5
,245
,1
,4
,4
,5
,69
,496
,0
,315
,25
,1
,18
,97
,979
,0
,197
,29
,0
,346
,1701
,20
,0
,2470
,1284
,125
,25
,3
,139
,31
,0
,4
,5
,11
,16
,3
,9
,528
,180
,53
,9
,167
,5
,35
,1
,11
,0
,11
,11
,10
,6
,340
,9
,3089
,49
,3974
,106
,35
,155
,3
,104
,964
,0
,6
,55
,29
,0
,1299
,17
,1098
,0
,0
,0
,886
,32
,5
,27
,4070
,105
,10
,1
,104
,632
,10
,10
,213
,7
,52
,13
,25
,51
,0
,171
,38
,85
,79
,0
,3
,0
,0
,0
,9
,39
,0
,17
,11
,844
,32
,0
,9
,0
,9
,231
,230
,191
,10
,596
,135
,8
,35
,0
,185
,87
,697
,9
,13
,1
,58
,186
,48
,263
,1450
,731
,1
,145
,9
,79
,103
,1
,188
,0
,15
,22
,133
,38
,894
,1
,11
,9
,154
,0
,20
,108
,40
,222
,0
,259
,490
,37
,603
,14
,20
,1
,33
,49
,908
,2
,273
,121
,4
,14
,134
,449
,402
,29
,21
,117
,30
,102
,767
,40
,6
,57
,163
,0
,0
,0
,0
,0
,0
,1
,0
,1
,62
,0
,126
,6
,402
,1
,78
,0
,0
,646
,11
,18
,0
,2
,7
,507
,1039
,50
,24
,12
,23
,135
,326
,2903
,224
,671
,0
,58
,44
,1
,19
,0
,40
,332
,31
,1073
,1
,3255
,1061
,188
,377
,23
,7
,12
,4
,185
,17
,35
,1
,105
,4
,57
,48
,1
,3144
,0
,81
,9770
,319
,1320
,1482
,2
,4
,32
,1
,50
,24
,3
,209
,3
,66
,0
,0
,0
,0
,2
,32
,0
,0
,1
,37
,6
,2
,4
,2267
,9
,13
,44
,49
,1
,103
,0
,86
,3
,0
,110
,0
,152
,8
,699
,41
,247
,1156
,2
,12
,10
,18
,0
,39
,31
,7
,567
,6
,8
,963
,1
,26
,29
,9
,12
,37
,58
,29
,1190
,19
,0
,1
,27
,67
,1362
,0
,2538
,55
,125
,46
,10
,11
,48
,1071
,21
,54
,0
,181
,137
,56
,32
,7
,250
,452
,65
,1
,361
,147
,20
,75
,121
,1032
,14
,85
,350
,605
,5
,208
,0
,226
,2
,2715
,55
,261
,0
,78
,2
,0
,0
,7
,1
,62
,0
,31
,659
,385
,0
,39
,257
,91
,692
,1
,244
,325
,34
,180
,622
,0
,181
,40
,13
,0
,117
,51
,1016
,187
,1553
,4
,1043
,13
,2692
,81
,2564
,151
,544
,5055
,35
,121
,4
,7
,9
,30
,75
,39
,4
,8
,3
,79
,43
,0
,0
,0
,0
,67
,8
,1079
,121
,91
,52
,116
,0
,0
,4454
,38
,919
,25
,52
,0
,7
,112
,22
,8
,13
,93
,87
,135
,1
,0
,0
,0
,0
,3
,0
,58
,2
,1
,8
,18
,38
,768
,2
,4
,0
,4
,104
,0
,72
,12
,65
,29
,0
,1
,0
,5
,19
,3
,4
,5
,34
,35
,33
,0
,161
,59
,7
,298
,718
,10
,62
,40
,1180
,1635
,21
,35
,0
,7
,3286
,681
,259
,1515
,8
,876
,202
,676
,27
,30
,1
,5
,1715
,1116
,0
,5
,158
,1
,110
,2269
,508
,1178
,4306
,1295
,1
,4386
,27
,28
,8
,0
,0
,0
,0
,103
,328
,2
,5
,0
,707
,24
,58
,0
,0
,0
,5
,0
,674
,624
,503
,1
,32
,6
,0
,0
,18
,1
,0
,203
,1
,257
,1
,1063
,28
,31
,5
,1182
,2466
,182
,75
,5013
,2
,500
,5
,112
,25
,73
,0
,747
,283
,25
,2890
,5302
,0
,27
,10
,8
,88
,190
,0
,0
,0
,0
,0
,1
,942
,0
,33
,299
,6
,0
,270
,1
,2
,2
,0
,147
,0
,0
,58
,0
,3
,1
,13
,731
,398
,53
,3
,1
,72
,1
,724
,0
,362
,40
,246
,51
,2
,5174
,570
,14
,0
,5
,1
,396
,5
,977
,10
,9
,0
,293
,112
,0
,0
,27
,0
,0
,8
,20
,0
,9
,2
,0
,9
,16
,1
,0
,4
,20
,7
,0
,27
,96
,2
,8
,2
,1
,102
,0
,1
,0
,677
,65
,73
,0
,40
,45
,0
,21
,302
,3
,27
,0
,49
,16
,26
,560
,148
,1
,164
,264
,154
,0
,3615
,626
,119
,702
,5
,321
,462
,754
,87
,297
,1
,17
,19
,92
,0
,0
,0
,139
,875
,32
,0
,13
,205
,4
,43
,0
,0
,138
,14
,1184
,36
,3
,0
,10
,61
,25
,14
,1
,3
,5
,125
,0
,0
,0
,46
,0
,4
,0
,1
,7
,34
,32
,22
,619
,424
,17
,7
,64
,1
,5
,34
,205
,7
,0
,8
,2311
,6
,46
,1
,17
,288
,6
,18
,52
,24
,14
,1
,7
,1117
,238
,196
,0
,0
,2
,0
,0
,387
,147
,2
,56
,0
,363
,0
,58
,0
,306
,2
,43
,0
,0
,0
,22
,0
,0
,40
,0
,39
,255
,0
,3
,1
,458
,490
,2
,180
,2
,28
,42
,8
,2122
,1
,387
,1335
,28
,1
,6
,0
,0
,10
,0
,88
,1560
,0
,138
,7
,43
,0
,704
,23
,5
,0
,65
,3
,111
,2
,11
,1
,0
,0
,0
,80
,33
,6
,1
,1042
,3159
,151
,7
,0
,19
,263
,944
,17
,11
,20
,28
,157
,3
,13
,89
,1330
,103
,1065
,42
,113
,28
,1025
,16
,54
,29
,23
,5
,174
,0
,0
,37
,45
,36
,10
,71
,0
,0
,1
,0
,23
,13
,1
,2
,39
,0
,1963
,690
,0
,0
,0
,44
,67
,1
,1
,37
,65
,13
,5
,0
,21
,19
,1236
,0
,0
,104
,12
,3
,2
,21
,77
,61
,34
,2
,0
,1
,14
,0
,3
,9
,3
,2
,111
,1
,1708
,37
,316
,356
,1601
,736
,25
,68
,1
,0
,211
,22
,221
,6
,3
,519
,3
,9
,16
,70
,276
,66
,10
,67
,0
,0
,0
,1
,532
,0
,574
,6
,88
,54
,66
,17
,8
,0
,0
,91
,212
,26
,545
,67
,1484
,89
,353
,3
,27
,312
,6
,50
,359
,174
,852
,0
,1728
,4729
,2
,46
,60
,1
,157
,5
,263
,922
,3
,36
,93
,45
,97
,860
,0
,15
,402
,53
,47
,1071
,45
,0
,0
,2
,0
,127
,87
,0
,55
,30
,171
,915
,29
,0
,295
,1125
,73
,26
,66
,172
,30
,1
,1176
,0
,20
,24
,57
,210
,16
,490
,46
,217
,49
,166
,282
,1305
,20
,0
,71
,27
,907
,85
,1
,12
,0
,0
,70
,859
,8
,3
,12
,0
,447
,42
,700
,0
,194
,49
,17
,92
,130
,73
,28
,15
,1657
,2
,1092
,907
,8
,1
,4228
,0
,2859
,608
,157
,0
,0
,0
,0
,0
,0
,84
,10
,0
,27
,3
,97
,34
,36
,338
,606
,86
,100
,37
,10
,14
,7
,0
,6
,7
,8
,77
,81
,0
,84
,0
,82
,87
,108
,42
,95
,409
,212
,16
,41
,5
,3
,43
,2
,0
,47
,61
,0
,153
,14
,36
,28
,88
,117
,647
,5
,212
,20
,21
,50
,7
,0
,13
,7
,0
,40
,77
,0
,118
,18
,11
,1039
,4
,18
,18
,5
,86
,1
,148
,10
,311
,208
,539
,185
,145
,10
,81
,65
,0
,30
,7
,26
,1301
,168
,40
,22
,43
,0
,2
,1
,3
,1
,0
,0
,0
,5
,1
,141
,1
,7
,50
,50
,0
,1
,0
,0
,0
,14
,29
,35
,34
,0
,8
,21
,1364
,35
,28
,8
,15
,3
,41
,1
,18
,0
,4
,1
,0
,75
,622
,509
,226
,1
,34
,748
,109
,534
,34
,1172
,4
,1157
,86
,310
,139
,602
,10
,170
,148
,0
,2
,28
,93
,111
,42
,1
,22
,5
,2
,81
,0
,65
,0
,534
,167
,145
,136
,876
,41
,19
,104
,201
,5
,25
,90
,23
,40
,24
,15
,7
,149
,148
,3
,0
,6
,613
,7
,4
,45
,9
,1
,46
,169
,17
,26
,2
,49
,11
,12
,16
,0
,0
,0
,13
,8
,3
,3
,1
,108
,0
,30
,83
,2
,51
,21
,7
,45
,3
,0
,0
,0
,19
,51
,1028
,8
,7
,86
,10
,2
,25
,7
,0
,106
,5
,0
,10
,66
,11
,15
,944
,0
,0
,0
,43
,77
,4215
,47
,52
,1903
,4
,19
,2
,1151
,18
,28
,41
,3
,10
,11
,13
,0
,2408
,6
,28
,13
,0
,12
,27
,20
,23
,29
,3
,3
,16
,137
,16
,87
,0
,14
,615
,0
,255
,19
,17
,14
,1
,53
,99
,118
,1063
,44
,4
,8
,238
,917
,70
,8
,1
,933
,0
,4
,1069
,3
,1
,16
,103
,2
,1
,567
,354
,5
,62
,13
,4396
,1
,1004
,1684
,1
,165
,179
,788
,2
,15
,139
,130
,108
,78
,2
,1
,1
,0
,0
,0
,113
,1404
,0
,110
,29
,21
,35
,1052
,1
,0
,60
,444
,889
,1393
,32
,6
,7
,19
,1
,9
,1
,135
,3
,1
,136
,1
,21
,0
,0
,71
,127
,0
,1
,0
,83
,0
,0
,62
,198
,13
,21
,9
,382
,5
,0
,34
,9
,18
,0
,172
,107
,2
,0
,57
,0
,64
,8
,40
,272
,4
,10
,6
,4
,22
,13
,6
,66
,53
,1001
,1282
,12
,0
,17
,32
,39
,4
,487
,24
,866
,41
,7
,64
,22
,1317
,484
,2
,649
,23
,75
,11
,232
,684
,0
,0
,0
,195
,7
,127
,41
,63
,757
,260
,44
,33
,209
,222
,903
,22
,16
,633
,2
,465
,10
,0
,104
,229
,3
,21
,157
,194
,11
,276
,1138
,51
,2206
,241
,2
,22
,5
,13
,4
,16
,7
,0
,13
,13
,386
,14
,28
,735
,0
,59
,4
,8
,19
,7
,28
,3
,21
,40
,2
,43
,2
,7
,2
,4
,3
,48
,4
,22
,0
,107
,1059
,1123
,56
,311
,22
,1131
,50
,46
,182
,3
,1081
,2748
,16
,1
,8
,40
,277
,0
,25
,51
,1
,0
,102
,1
,12
,124
,39
,100
,159
,8
,26
,7
,0
,169
,60
,0
,0
,4
,63
,42
,0
,167
,14
,23
,16
,24
,146
,822
,7
,9
,4
,6
,169
,24
,6
,1009
,41
,91
,156
,44
,199
,896
,7
,3976
,223
,16
,0
,0
,162
,229
,3
,625
,28
,566
,2
,4
,2
,129
,1
,543
,136
,102
,20
,1063
,1
,121
,0
,33
,4
,142
,8
,102
,0
,0
,0
,0
,0
,0
,0
,53
,10
,3
,138
,3
,201
,2711
,0
,23
,31
,27
,106
,3
,95
,16
,127
,0
,6
,69
,610
,28
,80
,12
,139
,44
,116
,22
,52
,1
,114
,12
,0
,145
,40
,17
,157
,2
,146
,10
,53
,1042
,139
,342
,117
,167
,1010
,0
,28
,4
,1438
,19
,1
,145
,20
,23
,1381
,0
,908
,0
,0
,0
,0
,4
,33
,26
,69
,14
,36
,25
,0
,116
,9
,24
,103
,0
,0
,164
,8
,3
,9
,0
,794
,5
,1
,224
,166
,58
,37
,0
,282
,1
,1
,690
,1
,0
,37
,65
,41
,267
,7
,30
,1
,48
,23
,93
,8
,724
,2
,1
,107
,4
,14
,0
,57
,2
,45
,49
,0
,10
,42
,101
,0
,2
,115
,37
,24
,69
,680
,0
,402
,0
,964
,3585
,2100
,2068
,16
,10
,10
,146
,137
,34
,1406
,570
,0
,0
,1851
,145
,1181
,44
,105
,15
,157
,1059
,0
,490
,90
,888
,1
,1
,78
,1
,9
,0
,4
,52
,3
,49
,18
,70
,123
,860
,15
,14
,1
,64
,58
,322
,1146
,0
,29
,2
,3
,9
,39
,159
,88
,38
,622
,0
,265
,22
,18
,1
,41
,271
,122
,0
,137
,838
,0
,53
,639
,701
,104
,152
,39
,236
,58
,103
,823
,8
,110
,1305
,408
,51
,38
,67
,979
,241
,1237
,18
,8
,1
,5
,0
,412
,906
,13
,93
,129
,2335
,609
,38
,111
,89
,27
,129
,17
,2
,45
,0
,0
,15
,186
,0
,23
,77
,4
,65
,0
,1
,128
,53
,15
,11
,340
,0
,64
,3
,209
,39
,1185
,51
,2
,44
,0
,0
,243
,46
,29
,75
,64
,37
,67
,1
,7
,40
,745
,458
,2
,66
,1200
,1616
,1244
,2
,6
,85
,11
,0
,0
,225
,192
,22
,5
,564
,65
,0
,1609
,50
,17
,12
,77
,0
,24
,2
,0
,0
,4
,34
,7
,25
,5
,26
,34
,1150
,70
,86
,1
,1201
,65
,32
,4362
,6
,1142
,8
,117
,72
,24
,3
,193
,6
,23
,0
,1028
,0
,1
,1
,29
,41
,8
,13
,4
,13
,115
,14
,2
,0
,38
,0
,0
,4
,18
,32
,56
,1265
,264
,64
,36
,20
,5123
,0
,3355
,974
,0
,4147
,213
,4
,1
,120
,26
,1
,1
,1
,473
,1
,47
,71
,147
,32
,13
,487
,20
,28
,33
,509
,188
,9
,212
,525
,34
,1
,5
,7
,1
,29
,6
,21
,42
,0
,24
,0
,1
,54
,72
,2
,54
,0
,43
,15
,59
,977
,2
,282
,864
,241
,584
,498
,11
,41
,64
,51
,1
,10
,21
,27
,3
,95
,385
,67
,953
,0
,135
,84
,103
,0
,17
,157
,43
,940
,1270
,157
,2767
,54
,1146
,187
,1
,33
,153
,569
,228
,1
,4
,130
,15
,94
,2
,68
,0
,0
,0
,40
,100
,1
,3
,6
,247
,0
,899
,33
,219
,65
,33
,1
,16
,415
,229
,27
,3
,0
,0
,0
,0
,1407
,11
,8
,0
,10
,1081
,0
,980
,50
,409
,0
,253
,0
,58
,0
,747
,39
,62
,5
,56
,30
,59
,9
,29
,89
,0
,14
,39
,61
,0
,33
,4
,252
,581
,194
,0
,0
,0
,0
,0
,0
,0
,0
,0
,35
,0
,11
,35
,58
,8
,44
,427
,550
,0
,12
,47
,7
,0
,58
,0
,175
,0
,611
,499
,2
,1
,2
,381
,33
,23
,0
,0
,162
,3825
,705
,4145
,1
,3730
,1580
,562
,9
,7
,84
,1
,1
,1
,21
,920
,1409
,28
,1
,0
,0
,65
,0
,2
,0
,16
,10
,0
,0
,140
,0
,3
,123
,50
,90
,0
,62
,179
,22
,2
,17
,15
,4
,16
,304
,51
,5
,166
,4
,442
,1
,1
,10
,1
,82
,1
,539
,61
,36
,2468
,0
,939
,172
,219
,7
,15
,5
,8
,48
,0
,4
,890
,276
,2325
,284
,2
,0
,0
,55
,0
,90
,126
,318
,11
,20
,100
,31
,819
,37
,8
,15
,224
,1027
,9
,35
,1663
,5
,18
,979
,0
,112
,2
,2
,0
,215
,1744
,2
,2
,10
,11
,1180
,31
,6
,45
,120
,32
,0
,2
,12
,1
,1
,41
,0
,0
,592
,41
,389
,871
,3
,4
,0
,354
,361
,17
,50
,1
,21
,13
,26
,943
,444
,15
,2
,1
,9
,1
,4
,0
,20
,5
,26
,790
,0
,0
,0
,1
,0
,0
,233
,0
,490
,1992
,0
,0
,0
,191
,429
,6
,2964
,20
,743
,1
,532
,2
,3
,949
,430
,11
,0
,0
,0
,33
,204
,120
,44
,74
,540
,7
,296
,1
,76
,1
,51
,135
,39
,63
,1
,28
,90
,0
,0
,34
,25
,0
,860
,1
,1245
,1
,32
,0
,19
,3365
,4
,739
,89
,7
,5
,11
,179
,274
,2
,104
,5
,12
,90
,717
,110
,36
,0
,35
,74
,5
,2
,101
,12
,72
,0
,107
,65
,7
,35
,1
,76
,9
,797
,2
,12
,15
,1
,1
,19
,13
,53
,332
,21
,787
,12
,27
,0
,305
,157
,942
,1
,178
,20
,41
,1
,105
,18
,12
,3771
,71
,1
,2
,1
,0
,278
,5
,1
,97
,1
,2
,0
,24
,79
,0
,0
,29
,121
,1
,882
,166
,4
,111
,0
,380
,7
,6
,61
,1
,41
,100
,0
,1
,8
,13
,55
,10
,48
,2
,134
,305
,0
,24
,1
,15
,2
,0
,14
,1324
,54
,1
,182
,1450
,4
,1332
,74
,5
,8
,857
,44
,66
,0
,0
,5
,175
,946
,0
,61
,184
,127
,1
,295
,979
,34
,69
,25
,3
,13
,38
,109
,24
,18
,17
,0
,29
,721
,20
,0
,161
,28
,46
,0
,25
,69
,82
,6
,1
,1
,1
,1
,1
,26
,45
,4
,112
,214
,0
,6
,8
,1
,7
,710
,39
,67
,87
,15
,0
,0
,66
,20
,34
,7
,254
,8
,1014
,210
,1102
,48
,24
,7
,0
,13
,2
,208
,2
,25
,89
,60
,37
,20
,0
,2
,29
,0
,717
,25
,2
,27
,63
,46
,60
,87
,1
,301
,5
,45
,5
,13
,2
,47
,169
,999
,31
,919
,5908
,501
,711
,4
,1
,1
,392
,3
,169
,31
,16
,0
,0
,10
,0
,13
,428
,0
,0
,0
,0
,0
,308
,7
,1515
,3
,5
,0
,23
,6594
,1
,340
,8
,147
,1
,217
,67
,134
,0
,190
,2
,103
,18
,57
,2
,12
,528
,538
,2514
,505
,952
,396
,214
,21
,67
,1189
,20
,1
,5
,79
,595
,5
,24
,366
,120
,33
,3
,64
,85
,8
,24
,43
,12
,11
,2
,4
,17
,31
,3
,57
,61
,662
,369
,0
,1
,14
,25
,1
,58
,0
,271
,1038
,2740
,114
,1351
,31
,171
,147
,16
,10
,490
,63
,7
,7
,3
,218
,93
,466
,132
,0
,0
,11
,62
,262
,21
,107
,201
,665
,8
,15
,32
,33
,134
,173
,0
,27
,283
,0
,329
,4
,1
,1
,6
,0
,0
,28
,23
,69
,0
,848
,316
,6
,12
,128
,0
,0
,1
,0
,0
,4
,91
,16
,1
,4
,7
,0
,98
,305
,30
,273
,7
,326
,4
,0
,2
,10
,44
,2
,97
,187
,0
,2
,38
,40
,638
,386
,122
,7
,0
,27
,2
,30
,96
,20
,9
,34
,6
,31
,6
,4281
,979
,8
,0
,0
,0
,0
,1490
,182
,20
,23
,565
,939
,9
,2
,49
,0
,8
,2
,31
,109
,0
,0
,369
,0
,22
,9
,139
,367
,165
,3368
,145
,567
,2
,2
,214
,426
,0
,1
,1058
,8
,55
,1
,1001
,82
,151
,1
,0
,58
,138
,40
,0
,18
,7
,0
,0
,0
,0
,38
,3
,106
,869
,2
,0
,22
,614
,0
,517
,4
,5430
,78
,22
,0
,498
,11
,0
,883
,0
,2
,15
,0
,51
,0
,0
,26
,117
,9
,0
,92
,268
,0
,1009
,29
,74
,3
,28
,151
,29
,177
,0
,2
,138
,47
,270
,0
,291
,39
,74
,0
,1
,2
,0
,2
,197
,1
,35
,0
,785
,2
,2939
,340
,64
,54
,78
,260
,2
,1
,0
,38
,0
,0
,618
,15
,214
,15
,0
,4
,96
,3
,795
,0
,0
,0
,0
,2
,697
,38
,6
,1
,0
,204
,781
,10
,0
,5
,888
,8
,595
,0
,7
,803
,148
,482
,26
,47
,28
,97
,633
,19
,713
,629
,6
,24
,3
,70
,128
,2
,22
,0
,0
,128
,2
,1
,39
,3
,27
,281
,883
,19
,181
,91
,160
,16
,12
,14
,89
,330
,513
,215
,3
,153
,259
,969
,3
,161
,64
,11
,8
,14
,424
,1
,627
,0
,3
,32
,1
,2062
,1792
,25
,14
,104
,52
,0
,0
,5
,288
,893
,30
,47
,1
,7
,100
,53
,95
,796
,0
,181
,1316
,403
,18
,25
,0
,196
,0
,972
,2
,2
,2
,121
,1
,4
,3
,1
,3
,340
,9
,19
,1
,17
,94
,8
,28
,144
,749
,11
,2881
,640
,4
,346
,381
,16
,105
,3
,272
,1089
,0
,1
,12
,0
,49
,10
,19
,0
,0
,0
,0
,0
,6
,105
,834
,227
,122
,0
,5
,24
,310
,0
,116
,17
,115
,52
,25
,1
,0
,34
,9
,2
,44
,0
,71
,9
,20
,7
,0
,14
,18
,6
,13
,135
,12
,0
,866
,39
,30
,50
,123
,105
,113
,1144
,231
,19
,959
,73
,0
,2
,523
,25
,32
,0
,5
,65
,19
,3
,0
,12
,35
,151
,701
,76
,43
,98
,32
,0
,2
,52
,13
,8
,0
,102
,0
,0
,0
,0
,0
,0
,0
,34
,4
,0
,26
,3
,106
,3
,179
,1
,0
,1
,0
,908
,192
,94
,49
,111
,9
,7
,60
,21
,0
,18
,784
,338
,1017
,1570
,1095
,3
,92
,193
,15
,113
,0
,20
,12
,10
,98
,10
,856
,1
,24
,0
,206
,1277
,165
,12
,161
,896
,4279
,99
,205
,1
,2
,11
,0
,0
,0
,99
,46
,0
,44
,100
,0
,49
,4
,3
,0
,30
,240
,0
,492
,30
,59
,26
,1
,1
,35
,1
,4
,205
,7
,1318
,1
,17
,5
,16
,8
,10
,10
,14
,59
,2
,1150
,1
,3
,156
,8
,24
,0
,18
,53
,2
,0
,0
,0
,0
,55
,204
,462
,704
,22
,30
,4
,292
,0
,0
,33
,12
,0
,0
,0
,0
,0
,0
,0
,0
,0
,0
,0
,21
,0
,13
,1213
,89
,142
,1
,387
,417
,1422
,2
,281
,39
,2
,93
,7
,82
,0
,3
,0
,21
,6
,47
,4
,421
,178
,1
,0
,0
,2
,0
,16
,447
,1
,5
,0
,334
,95
,12
,1
,803
,15
,12
,8
,22
,0
,1
,275
,9
,0
,5
,2
,10
,1
,1043
,105
,9
,3
,22
,55
,9
,44
,0
,2
,275
,28
,12
,16
,712
,119
,3
,70
,196
,44
,31
,55
,9
,76
,0
,0
,4
,1
,3
,0
,0
,39
,73
,101
,507
,0
,1757
,311
,1048
,2
,46
,1
,14
,1
,15
,168
,198
,77
,0
,0
,12
,508
,0
,104
,0
,13
,2
,50
,3
,0
,0
,0
,1004
,23
,154
,268
,17
,4
,172
,211
,186
,4
,555
,1107
,7
,52
,16
,17
,2668
,52
,13
,458
,121
,0
,0
,0
,0
,0
,192
,3
,17
,0
,18
,0
,739
,18
,173
,43
,6
,341
,3
,4
,6
,0
,0
,0
,0
,15
,9
,4
,58
,565
,0
,360
,19
,32
,156
,13
,145
,20
,88
,21
,9
,0
,667
,15
,8
,4417
,4
,31
,21
,0
,12
,0
,71
,1
,220
,295
,814
,86
,19
,120
,10
,2
,0
,8
,1
,0
,0
,36
,23
,16
,13
,219
,201
,9
,11
,0
,0
,399
,57
,3
,31
,39
,0
,26
,0
,0
,4
,0
,219
,1229
,57
,28
,12
,4
,0
,17
,355
,23
,399
,0
,110
,3
,0
,20
,0
,74
,2
,671
,7784
,107
,179
,0
,120
,1222
,5737
,1653
,7
,2452
,3026
,12
,149
,47
,950
,2268
,9
,701
,0
,850
,1
,494
,0
,64
,13
,38
,93
,0
,15
,5
,0
,136
,4
,17
,76
,2
,10
,9
,10
,0
,38
,6
,313
,40
,2
,111
,176
,0
,0
,71
,72
,156
,2096
,2
,3
,1219
,320
,1
,2
,5
,11
,106
,2
,323
,8
,684
,53
,66
,68
,0
,0
,0
,0
,0
,0
,0
,0
,0
,3
,1
,33
,11
,82
,0
,0
,0
,169
,17
,1
,12
,1
,57
,49
,11
,17
,58
,242
,444
,0
,211
,66
,41
,2
,152
,65
,1
,11
,15
,0
,89
,35
,693
,5
,315
,11
,0
,381
,1460
,0
,19
,1
,3
,2
,4
,652
,7
,24
,0
,0
,3053
,63
,0
,0
,21
,61
,1
,29
,16
,208
,1
,80
,0
,280
,491
,13
,40
,5
,2
,123
,31
,0
,11
,7
,16
,1
,36
,39
,2
,1
,57
,0
,0
,69
,64
,332
,18
,232
,14
,25
,0
,43
,1
,30
,32
,5
,120
,624
,3
,0
,10
,9
,155
,207
,6
,0
,12
,117
,151
,49
,1
,717
,20
,0
,0
,261
,325
,59
,13
,885
,4668
,88
,160
,6
,845
,227
,1162
,1
,0
,61
,1131
,1
,550
,182
,154
,15
,3738
,12
,1
,7
,34
,118
,47
,1023
,389
,5
,164
,707
,40
,0
,165
,289
,159
,911
,50
,199
,51
,1093
,18
,0
,0
,1
,124
,97
,46
,10
,1439
,5
,1244
,716
,361
,0
,32
,0
,91
,197
,65
,10
,778
,9
,0
,12
,197
,97
,60
,94
,222
,3
,631
,25
,4
,43
,6
,2
,7
,6
,205
,23
,0
,0
,0
,0
,0
,32
,0
,17
,3
,1
,10
,13
,117
,5
,228
,684
,8
,175
,0
,12
,22
,29
,10
,23
,31
,93
,73
,20
,1
,88
,0
,3
,2
,8
,6
,11
,12
,734
,0
,0
,2
,3
,11
,1
,15
,101
,11
,62
,1
,14
,49
,23
,0
,10
,469
,0
,0
,0
,17
,774
,5
,1
,63
,0
,0
,1
,39
,10
,16
,2
,26
,2
,1
,290
,66
,13
,11
,47
,25
,2
,53
,0
,1
,14
,2
,0
,2
,28
,119
,5
,3
,20
,6
,36
,372
,39
,1
,0
,0
,3
,2
,0
,0
,0
,2
,1
,0
,2
,1
,20
,130
,536
,242
,12
,11
,15
,42
,9
,5
,3
,0
,76
,0
,88
,0
,2
,88
,47
,5
,139
,394
,83
,42
,0
,73
,27
,10
,2
,7
,9
,6
,34
,1
,62
,22
,0
,6
,17
,11
,92
,26
,1
,566
,3
,0
,134
,13
,308
,0
,426
,207
,73
,72
,63
,20
,60
,35
,13
,8
,67
,49
,0
,20
,0
,2
,36
,0
,2742
,3
,1110
,2
,13
,262
,0
,0
,0
,31
,0
,91
,0
,0
,0
,181
,341
,0
,0
,0
,2
,15
,69
,173
,11
,82
,2
,111
,0
,0
,0
,54
,0
,367
,5
,0
,602
,0
,0
,0
,3
,27
,57
,98
,130
,41
,55
,17
,6
,0
,679
,66
,13
,14
,0
,30
,0
,225
,3
,136
,15
,0
,0
,0
,0
,45
,0
,114
,1
,77
,71
,35
,823
,95
,0
,2
,0
,0
,0
,0
,0
,0
,0
,0
,0
,0
,1
,1
,17
,65
,0
,0
,0
,0
,0
,0
,0
,0
,0
,7
,10
,10
,9
,0
,4
,1
,8
,73
,2
,0
,136
,0
,9
,25
,0
,0
,13
,0
,0
,8
,5
,5
,3406
,1
,1
,0
,10
,112
,50
,24
,105
,1
,12
,2
,73
,137
,22
,1
,206
,54
,383
,414
,337
,36
,1
,19
,4
,19
,33
,9
,2
,25
,1
,3
,11
,4
,26
,154
,1
,0
,45
,11
,208
,365
,12
,513
,3
,0
,213
,0
,0
,0
,0
,2
,0
,0
,0
,30
,14
,0
,4
,5
,30
,10
,1
,1
,30
,100
,36
,10
,0
,2
,4
,44
,6
,477
,991
,1
,21
,5
,87
,83
,50
,0
,16
,0
,948
,161
,2
,0
,2
,3
,1327
,3
,13
,83
,1021
,114
,2
,5
,15
,4
,0
,33
,62
,1
,8
,37
,21
,0
,2
,1
,4
,0
,134
,3
,338
,0
,23
,12
,6
,18
,0
,5
,0
,20
,28
,6
,2
,515
,234
,95
,43
,51
,251
,3
,17
,2
,14
,16
,13
,818
,0
,22
,16
,9
,44
,157
,0
,0
,26
,0
,0
,13
,0
,2
,6
,0
,0
,0
,51
,190
,0
,3
,62
,6
,0
,19
,0
,592
,0
,25
,2
,3000
,0
,4982
,1481
,144
,2
,1033
,7
,2687
,1
,24
,2502
,116
,1
,25
,35
,0
,4
,20
,72
,6
,394
,6
,45
,249
,420
,0
,19
,0
,27
,0
,41
,16
,7
,5
,16
,307
,197
,6
,27
,764
,0
,1
,211
,2
,2
,34
,0
,52
,0
,30
,20
,17
,10
,1772
,14
,29
,0
,16
,0
,3
,5
,11
,1660
,6
,3917
,19
,854
,1
,0
,121
,0
,14
,3
,640
,4
,5
,636
,329
,14
,27
,0
,5
,0
,0
,0
,16
,159
,0
,26
,0
,3
,16
,0
,4
,3
,15
,0
,17
,0
,5
,7
,3
,1
,2
,632
,47
,22
,1
,11
,22
,39
,61
,9
,17
,1494
,0
,29
,0
,333
,0
,3973
,40
,99
,164
,962
,122
,1
,169
,1169
,0
,13
,0
,0
,52
,15
,87
,1
,8
,13
,12
,2
,303
,52
,19
,92
,39
,0
,0
,1
,11
,0
,0
,19
,10
,846
,12
,70
,85
,984
,95
,101
,16
,15
,29
,27
,49
,49
,50
,0
,0
,26
,14
,0
,0
,22
,26
,64
,14
,2731
,202
,0
,4
,876
,1
,109
,94
,7
,22
,34
,235
,129
,11
,111
,1
,1
,75
,77
,455
,24
,44
,67
,0
,140
,6
,74
,136
,91
,13
,0
,1
,46
,0
,0
,0
,0
,0
,45
,0
,0
,0
,21
,15
,514
,4
,234
,1
,1
,11
,0
,32
,41
,146
,56
,54
,23
,863
,85
,7
,3
,4
,3
,38
,3
,0
,42
,12
,39
,0
,0
,10
,7
,32
,1
,389
,0
,0
,22
,688
,4
,192
,10
,0
,7
,14
,20
,147
,0
,0
,4
,19
,35
,73
,153
,36
,1002
,2714
,4
,22
,69
,4
,700
,14
,55
,863
,0
,0
,11
,0
,3
,18
,36
,1
,281
,115
,1209
,1280
,86
,182
,0
,0
,159
,15
,233
,577
,0
,0
,288
,0
,1
,5
,33
,180
,0
,221
,1179
,313
,70
,2
,5
,1
,1
,3
,1
,2
,1
,1
,1
,5
,3
,27
,0
,0
,0
,1
,0
,0
,0
,0
,0
,0
,1
,23
,0
,0
,0
,0
,0
,13
,0
,0
,1
,16
,12
,0
,4
,0
,15
,0
,662
,0
,0
,93
,3
,2
,9
,10
,226
,3
,3
,316
,10
,59
,247
,18
,1129
,73
,5
,19
,3
,0
,5
,0
,8
,2
,46
,99
,1
,105
,122
,24
,0
,0
,0
,0
,12
,0
,1
,0
,142
,8
,9
,30
,775
,23
,19
,258
,9
,0
,362
,11
,0
,1353
,0
,0
,19
,0
,9
,0
,875
,156
,0
,5
,5
,0
,6
,0
,0
,0
,0
,1
,86
,9
,0
,27
,0
,279
,324
,483
,0
,152
,27
,3
,63
,22
,0
,265
,0
,0
,697
,578
,991
,51
,0
,67
,0
,4535
,93
,17
,5
,1090
,11
,54
,0
,0
,11
,23
,0
,23
,4
,5
,5
,28
,14
,29
,748
,123
,8286
,0
,105
,53
,81
,390
,21
,64
,5
,1304
,140
,0
,0
,0
,33
,0
,866
,10
,0
,30
,53
,7
,11
,4324
,24
,0
,0
,501
,101
,35
,2
,12
,412
,0
,153
,20
,340
,0
,0
,30
,723
,4
,126
,0
,1
,0
,2
,1
,33
,0
,0
,0
,0
,3
,17
,0
,0
,0
,1364
,6
,0
,149
,24
,2
,58
,10
,17
,1
,37
,51
,1017
,0
,271
,68
,17
,17
,0
,32
,6
,9
,0
,174
,462
,6
,0
,1
,0
,3650
,830
,9
,1840
,62
,59
,1
,51
,152
,30
,21
,0
,7
,0
,278
,645
,51
,57
,6
,0
,1
,0
,7
,25
,0
,0
,0
,0
,0
,2
,10
,50
,4004
,31
,7
,148
,27
,0
,337
,33
,0
,22
,0
,0
,960
,3
,0
,0
,0
,0
,1065
,0
,0
,16
,3
,37
,13
,1
,29
,381
,49
,1
,414
,508
,250
,63
,23
,28
,2
,2
,8
,1
,3
,6
,2
,48
,12
,4
,3
,0
,2
,77
,89
,94
,0
,0
,0
,0
,2
,10
,4
,665
,11
,5
,323
,1801
,0
,49
,794
,0
,0
,0
,0
,0
,0
,0
,0
,0
,0
,0
,0
,0
,0
,0
,0
,0
,1
,1
,2
,31
,0
,12
,4
,0
,252
,0
,4
,0
,16
,44
,0
,0
,0
,0
,0
,0
,0
,8
,15
,57
,1
,2
,1157
,29
,238
,46
,624
,6
,54
,3
,63
,14
,37
,1
,13
,0
,813
,2
,202
,147
,6
,7
,11
,0
,0
,139
,338
,0
,26
,0
,750
,27
,5
,0
,27
,35
,0
,6
,7
,9
,20
,7
,33
,5
,72
,60
,176
,27
,7
,0
,0
,1
,0
,1
,171
,63
,47
,0
,14
,9
,77
,99
,25
,0
,156
,501
,88
,358
,17
,9
,11
,8
,0
,4251
,9
,0
,4347
,64
,2404
,220
,371
,187
,0
,653
,5754
,427
,3
,11
,206
,12
,2
,1
,63
,5
,840
,96
,172
,26
,0
,107
,0
,37
,302
,8
,4
,20
,1
,6
,65
,44
,2
,213
,0
,1
,92
,14
,69
,930
,33
,64
,76
,36
,3730
,0
,0
,0
,3
,11
,28
,204
,11
,1
,20
,2
,42
,1
,860
,218
,1
,80
,108
,834
,239
,415
,14
,1
,7
,69
,6
,0
,0
,552
,99
,0
,0
,0
,0
,0
,0
,0
,0
,0
,0
,0
,0
,0
,10
,183
,85
,0
,0
,0
,0
,14
,0
,62
,0
,7
,165
,940
,62
,121
,273
,5
,253
,975
,1886
,1180
,686
,214
,248
,355
,0
,0
,0
,59
,38
,710
,41
,5
,176
,177
,0
,0
,18
,38
,5
,7
,3
,1
,0
,3
,5
,185
,8
,54
,624
,345
,3
,0
,16
,0
,463
,3
,32
,3448
,47
,0
,316
,8
,2
,0
,419
,2
,20
,67
,0
,0
,0
,0
,0
,0
,0
,0
,0
,0
,193
,452
,17
,118
,2
,228
,5
,42
,43
,7
,1
,183
,26
,0
,0
,5
,9
,40
,61
,0
,0
,0
,0
,193
,380
,90
,49
,0
,175
,2
,115
,93
,23
,59
,2
,59
,43
,24
,0
,0
,4
,0
,85
,328
,13
,0
,0
,141
,0
,0
,95
,11
,173
,157
,4
,70
,0
,55
,17
,803
,4
,609
,1050
,5
,254
,1
,229
,0
,0
,0
,0
,0
,1
,0
,0
,0
,0
,1
,0
,0
,0
,1
,0
,5
,0
,0
,0
,1
,36
,0
,0
,1
,0
,8
,8
,19
,0
,0
,0
,0
,0
,0
,0
,3
,438
,25
,27
,314
,54
,8
,49
,0
,0
,13
,31
,167
,13
,706
,1
,7
,0
,9
,0
,182
,164
,95
,0
,16
,5
,20
,13
,17
,6
,75
,81
,114
,411
,51
,15
,8
,3
,11
,10
,21
,19
,69
,0
,68
,81
,0
,54
,69
,0
,0
,17
,3
,17
,2
,10
,62
,62
,1245
,316
,0
,17
,0
,58
,10
,257
,4
,16
,483
,0
,47
,3
,8
,91
,16
,0
,30
,6
,119
,0
,0
,0
,0
,0
,41
,34
,15
,3286
,2
,22
,3
,13
,0
,0
,0
,160
,316
,9
,164
,616
,80
,0
,204
,5
,176
,2
,95
,18
,0
,0
,137
,774
,285
,0
,4
,81
,242
,28
,0
,255
,0
,0
,0
,897
,26
,6
,9
,197
,2
,1
,1
,30
,0
,0
,728
,9
,25
,0
,177
,2814
,1906
,794
,398
,4
,0
,5
,223
,1
,696
,1
,0
,0
,0
,0
,590
,901
,0
,0
,262
,1951
,97
,57
,20
,9
,948
,2677
,268
,35
,855
,16
,208
,440
,64
,549
,54
,7
,355
,510
,524
,2
,0
,49
,1
,0
,0
,1
,0
,0
,0
,91
,0
,0
,0
,0
,0
,0
,1
,1
,0
,0
,1
,35
,0
,12
,0
,640
,29
,105
,129
,3105
,3
,336
,170
,11
,214
,5
,334
,28
,2
,3
,53
,0
,0
,0
,0
,0
,23
,0
,0
,5
,692
,18
,10
,17
,74
,0
,12
,58
,1
,92
,1
,1
,0
,1
,26
,7
,8
,4
,22
,0
,0
,92
,17
,4
,0
,1
,13
,15
,15
,80
,0
,15
,3
,1
,7
,1
,50
,17
,16
,10
,6
,337
,40
,90
,263
,0
,19
,137
,127
,0
,1
,7
,40
,132
,241
,72
,117
,124
,193
,173
,0
,77
,674
,1
,76
,342
,23
,0
,8
,1
,10
,332
,1
,244
,3364
,68
,12
,55
,1
,2
,226
,213
,20
,2
,3
,0
,18
,50
,52
,0
,0
,0
,0
,0
,0
,13
,0
,0
,25
,1056
,11
,88
,2
,298
,79
,246
,313
,2
,202
,0
,69
,0
,66
,205
,0
,14
,127
,649
,4
,63
,12
,55
,56
,181
,1
,0
,133
,56
,54
,8
,39
,1152
,2620
,55
,49
,127
,243
,1
,0
,672
,60
,0
,63
,4
,22
,0
,236
,1
,9
,4
,33
,125
,74
,30
,65
,603
,61
,28
,389
,211
,93
,47
,706
,349
,94
,53
,1
,3
,1
,5
,4
,65
,0
,3
,0
,0
,0
,117
,6
,5
,63
,416
,0
,4
,2
,1
,227
,4561
,0
,0
,0
,3
,0
,0
,48
,10
,18
,999
,130
,9
,89
,39
,0
,0
,144
,78
,54
,6
,1
,0
,0
,0
,35
,40
,183
,103
,26
,0
,720
,1
,1
,1
,1
,4
,5
,1
,1
,0
,14
,35
,0
,0
,0
,0
,0
,0
,0
,401
,0
,1352
,0
,2369
,25
,14
,32
,0
,0
,2
,19
,8
,66
,258
,4
,0
,12
,23
,86
,128
,165
,334
,58
,3
,0
,0
,0
,86
,4
,77
,142
,481
,673
,417
,0
,1
,0
,0
,310
,55
,85
,33
,486
,5
,145
,25
,59
,7
,0
,0
,0
,0
,0
,0
,71
,4
,1
,20
,0
,26
,58
,0
,371
,732
,551
,7
,153
,69
,0
,1
,9
,41
,53
,153
,2700
,0
,368
,96
,0
,34
,24
,24
,197
,11
,16
,16
,4
,7
,383
,0
,0
,14
,0
,0
,48
,0
,0
,8
,201
,446
,19
,0
,121
,92
,223
,20
,5
,91
,21
,159
,612
,1
,212
,3
,0
,11
,47
,0
,0
,0
,0
,21
,2
,1754
,1
,27
,2530
,0
,3023
,31
,208
,11
,820
,1
,2
,6
,41
,0
,0
,0
,106
,170
,915
,0
,324
,454
,76
,0
,0
,463
,974
,0
,0
,5
,0
,0
,90
,1668
,2
,0
,0
,0
,1545
,154
,0
,228
,188
,572
,9
,0
,0
,28
,0
,167
,1
,109
,0
,0
,21
,0
,0
,0
,633
,12
,1
,1062
,125
,17
,17
,674
,220
,572
,654
,251
,33
,0
,0
,3608
,179
,0
,841
,239
,40
,0
,0
,0
,0
,968
,12
,3
,284
,81
,613
,175
,0
,120
,1
,64
,0
,37
,74
,68
,0
,827
,296
,0
,55
,997
,2723
,347
,407
,669
,4
,28
,0
,19
,0
,0
,0
,41
,18
,22
,66
,0
,126
,0
,718
,84
,1
,34
,21
,36
,382
,0
,673
,151
,270
,276
,793
,0
,0
,0
,1
,1
,0
,83
,0
,0
,0
,0
,0
,0
,0
,0
,0
,0
,32
,12
,101
,111
,0
,13
,1622
,1843
,0
,1
,0
,3
,0
,1
,0
,0
,34
,0
,10
,113
,0
,162
,0
,6
,0
,17
,1
,32
,159
,1137
,0
,35
,4
,227
,869
,0
,47
,43
,47
,100
,197
,31
,22
,951
,2
,8
,21
,206
,2946
,551
,0
,1593
,24
,11
,65
,4
,1385
,83
,0
,0
,0
,5
,63
,117
,21
,48
,57
,61
,12
,24
,681
,404
,20
,161
,61
,688
,104
,149
,0
,3
,16
,163
,36
,20
,6
,40
,0
,67
,18
,59
,46
,796
,134
,11
,162
,87
,283
,5
,23
,59
,941
,1069
,1
,0
,0
,0
,1445
,0
,0
,42
,0
,0
,298
,0
,0
,31
,3
,2
,1
,0
,35
,0
,0
,0
,271
,6
,128
,34
,597
,2
,49
,0
,0
,39
,4
,39
,0
,0
,41
,97
,1
,125
,8
,0
,0
,0
,0
,17
,175
,153
,682
,270
,1
,105
,43
,1
,0
,344
,2
,668
,0
,125
,148
,0
,16
,0
,0
,0
,0
,0
,0
,0
,0
,0
,0
,0
,0
,2
,0
,0
,0
,17
,87
,1
,1
,2
,0
,0
,0
,0
,1167
,360
,4
,196
,0
,0
,4
,1
,9
,27
,889
,7
,2914
,10
,3
,33
,0
,0
,0
,229
,12
,0
,5
,8
,1039
,2
,14
,0
,77
,114
,0
,264
,246
,0
,0
,10
,14
,236
,0
,0
,76
,360
,8
,195
,12
,33
,9
,842
,257
,0
,0
,0
,0
,414
,693
,0
,0
,1993
,2414
,115
,546
,692
,15
,1
,52
,33
,42
,347
,43
,200
,14
,6
,5
,49
,625
,35
,281
,165
,0
,25
,0
,0
,0
,3
,39
,16
,836
,4
,2
,0
,165
,58
,224
,82
,5
,59
,0
,0
,6
,808
,0
,0
,59
,275
,0
,0
,20
,241
,58
,2329
,1480
,2
,998
,0
,39
,234
,2
,10
,31
,34
,2
,10
,0
,1
,58
,14
,678
,12
,67
,50
,3
,65
,337
,89
,167
,27
,345
,0
,1
,33
,80
,0
,0
,1
,0
,0
,1
,2
,0
,0
,0
,1
,5
,1
,132
,47
,18
,148
,27
,57
,41
,727
,126
,1
,80
,14
,18
,71
,64
,36
,1932
,20
,15
,29
,41
,5
,1
,582
,28
,714
,31
,13
,748
,209
,170
,1054
,429
,992
,109
,0
,1505
,0
,415
,4447
,768
,41
,16
,191
,1410
,0
,12
,1640
,1454
,5
,89
,10
,0
,7
,15
,662
,0
,0
,3317
,4
,1426
,0
,5
,0
,352
,408
,0
,55
,125
,168
,42
,164
,0
,22
,33
,1
,4
,28
,49
,6
,233
,651
,25
,301
,0
,399
,124
,4
,1059
,0
,0
,707
,1187
,407
,1213
,222
,363
,986
,86
,0
,18
,237
,29
,69
,258
,15
,39
,32
,5
,2
,417
,53
,96
,65
,9
,151
,29
,188
,9
,20
,387
,1
,289
,289
,390
,29
,37
,167
,519
,360
,5
,0
,0
,215
,0
,0
,0
,0
,0
,0
,0
,0
,0
,36
,0
,7
,168
,0
,269
,4
,512
,204
,531
,1
,68
,23
,25
,1
,200
,233
,3
,81
,7
,0
,0
,0
,0
,2267
,0
,0
,248
,0
,3
,42
,4
,20
,0
,83
,21
,187
,2
,22
,0
,0
,50
,21
,2
,25
,241
,257
,344
,46
,27
,3
,84
,0
,44
,117
,0
,49
,5
,42
,0
,0
,24
,133
,135
,1211
,394
,0
,124
,148
,33
,30
,173
,569
,55
,0
,2994
,374
,1183
,3
,15
,0
,21
,56
,207
,794
,0
,24
,274
,1947
,17
,0
,758
,214
,90
,5
,43
,127
,5
,3882
,57
,0
,37
,44
,4
,12
,91
,74
,835
,609
,930
,0
,22
,1065
,352
,29
,28
,68
,28
,116
,153
,0
,0
,425
,94
,18
,314
,0
,0
,0
,0
,0
,0
,23
,264
,0
,3
,198
,0
,0
,0
,0
,1388
,157
,61
,1101
,674
,38
,190
,167
,1068
,39
,36
,45
,6
,87
,32
,66
,34
,379
,100
,18
,635
,0
,28
,2
,2
,70
,182
,1
,1068
,25
,86
,55
,34
,20
,452
,641
,1
,340
,16
,0
,14
,0
,16
,82
,34
,0
,83
,6
,3766
,167
,0
,378
,1
,560
,0
,289
,1
,0
,2
,17
,1
,61
,156
,0
,55
,0
,63
,14
,186
,71
,848
,8
,11
,36
,96
,9
,95
,33
,3
,6
,1
,0
,48
,36
,23
,0
,0
,225
,0
,0
,0
,0
,0
,0
,0
,0
,430
,110
,0
,17
,0
,0
,277
,203
,46
,13
,75
,31
,7
,22
,0
,42
,22
,5
,20
,1
,23
,4
,73
,240
,0
,11
,3428
,19
,153
,29
,45
,749
,0
,183
,11
,451
,93
,163
,0
,71
,64
,247
,114
,461
,15
,0
,55
,57
,5
,92
,53
,0
,278
,0
,90
,216
,0
,17
,0
,49
,0
,0
,0
,0
,19
,90
,538
,152
,0
,33
,6
,0
,28
,55
,43
,0
,104
,8
,1089
,33
,62
,4545
,1021
,4
,11
,35
,68
,0
,102
,0
,1437
,107
,110
,1063
,6
,119
,107
,36
,4
,2
,492
,722
,0
,1
,0
,10
,181
,39
,19
,42
,3857
,0
,67
,26
,378
,279
,835
,1
,1
,0
,32
,19
,34
,536
,20
,688
,240
,85
,100
,1209
,478
,6
,63
,6836
,0
,0
,0
,8237
,41
,206
,19
,142
,976
,271
,1
,9
,12
,2
,14
,1080
,16
,231
,110
,19
,0
,1026
,130
,86
,2
,151
,415
,0
,0
,132
,2
,1
,542
,521
,68
,0
,943
,2322
,0
,3
,424
,347
,10
,0
,0
,0
,0
,0
,0
,0
,311
,872
,44
,12
,281
,18
,42
,30
,33
,200
,106
,7
,870
,5
,122
,351
,1114
,2594
,2860
,551
,10
,36
,6
,535
,259
,3
,103
,6
,24
,1114
,211
,69
,51
,44
,0
,0
,943
,26
,211
,1171
,0
,1
,0
,256
,20
,0
,2
,152
,368
,8
,0
,2
,14
,73
,1910
,1400
,186
,8
,332
,1650
,2
,131
,86
,9
,519
,372
,77
,76
,15
,9
,9
,0
,0
,0
,0
,0
,0
,1108
,8
,4
,301
,332
,585
,1
,97
,20
,366
,0
,0
,0
,161
,0
,0
,0
,0
,0
,1
,0
,1
,373
,1304
,0
,40
,1226
,0
,0
,19
,12
,35
,0
,0
,740
,0
,314
,1423
,81
,265
,2
,5
,1638
,61
,56
,929
,273
,47
,0
,232
,4079
,21
,0
,0
,54
,514
,1
,3
,0
,811
,0
,1
,105
,1075
,0
,2
,80
,0
,0
,0
,453
,1070
,26
,180
,178
,901
,22
,212
,4
,18
,14
,165
,78
,164
,9
,28
,40
,26
,5
,121
,75
,49
,504
,1563
,226
,47
,304
,0
,0
,737
,141
,86
,390
,21
,32
,3
,0
,36
,42
,655
,0
,1
,5
,44
,137
,41
,1
,90
,11
,298
,5
,0
,109
,33
,0
,0
,8
,0
,0
,0
,0
,0
,0
,75
,8
,0
,1
,10
,205
,0
,57
,92
,223
,76
,19
,45
,0
,0
,11
,143
,51
,13
,59
,20
,6
,82
,7
,25
,63
,27
,150
,34
,0
,44
,46
,102
,268
,2
,100
,0
,93
,101
,190
,58
,68
,9
,723
,134
,121
,4
,0
,4
,195
,66
,197
,784
,273
,803
,0
,0
,1623
,1197
,0
,0
,444
,11
,259
,218
,0
,7
,737
,6
,48
,0
,0
,1
,465
,0
,1399
,0
,66
,412
,19
,49
,132
,0
,684
,498
,3509
,0
,0
,0
,98
,0
,1
,0
,24
,38
,1389
,0
,279
,1
,100
,1
,39
,30
,852
,1550
,0
,119
,1054
,180
,0
,14
,135
,83
,2757
,1
,131
,1266
,0
,0
,21
,0
,0
,0
,242
,0
,0
,183
,8
,41
,0
,0
,175
,344
,1
,0
,194
,6
,19
,0
,274
,292
,468
,39
,0
,1
,12
,57
,0
,252
,159
,0
,2
,403
,982
,40
,739
,7
,5
,27
,0
,568
,884
,7
,16
,773
,138
,358
,4
,765
,0
,0
,134
,303
,34
,0
,109
,0
,0
,0
,0
,117
,116
,11
,112
,0
,61
,536
,42
,92
,0
,1
,76
,0
,0
,0
,21
,47
,6
,83
,0
,282
,416
,25
,1
,8
,12
,5
,617
,7
,61
,2
,2
,118
,1
,4
,257
,946
,358
,83
,60
,174
,18
,7
,10
,451
,37
,0
,0
,0
,141
,3
,92
,0
,386
,7
,39
,1487
,313
,26
,20
,1106
,9
,132
,34
,1209
,63
,0
,432
,1104
,6
,0
,0
,1
,229
,356
,9
,18
,660
,3
,130
,313
,179
,78
,0
,1
,11
,36
,241
,5
,814
,165
,111
,40
,156
,0
,102
,22
,38
,74
,310
,607
,309
,1724
,8
,315
,5
,348
,491
,96
,65
,62
,16
,0
,32
,920
,41
,32
,170
,0
,0
,0
,0
,43
,98
,114
,1085
,1739
,63
,896
,0
,0
,0
,48
,21
,379
,0
,0
,0
,245
,43
,136
,0
,0
,0
,0
,0
,0
,0
,0
,1
,0
,0
,0
,0
,0
,0
,129
,147
,1
,6
,1378
,0
,459
,13
,55
,64
,447
,26
,49
,43
,216
,23
,39
,1467
,110
,21
,128
,2892
,0
,0
,0
,931
,4
,39
,0
,0
,117
,415
,0
,0
,0
,34
,475
,0
,0
,402
,0
,102
,0
,0
,0
,33
,34
,82
,165
,1
,0
,421
,44
,2
,20
,953
,93
,0
,61
,7
,330
,656
,32
,317
,832
,129
,550
,2440
,72
,38
,1
,0
,1062
,0
,12
,0
,639
,818
,120
,77
,420
,346
,628
,0
,53
,5
,174
,150
,1061
,1521
,20
,115
,69
,1999
,1517
,1077
,802
,1453
,44
,21
,327
,3918
,0
,2081
,38
,174
,175
,268
,11
,5
,1111
,81
,135
,315
,20
,119
,348
,1227
,45
,96
,374
,783
,234
,5465
,7
,524
,101
,1232
,267
,913
,188
,0
,173
,1029
,306
,143
,1026
,0
,0
,5968
,5
,1213
,4603
,4775
,1010
,477
,47
,956
,107
,2971
,0
,0
,0
,2
,0
,0
,0
,5
,0
,3
,14
,37
,0
,499
,1
,293
,0
,108
,155
,326
,4
,0
,234
,663
,0
,22
,260
,0
,174
,7
,0
,0
,17
,1
,1
,51
,693
,8
,1
,331
,67
,0
,34
,239
,80
,629
,4
,482
,15
,235
,719
,62
,306
,0
,1
,0
,56
,39
,0
,12
,251
,1076
,1500
,0
,11
,350
,930
,0
,23
,3
,9
,6
,0
,26
,44
,55
,9
,330
,810
,63
,18
,0
,173
,319
,316
,43
,29
,0
,762
,0
,0
,0
,21
,0
,32
,0
,2
,80
,909
,0
,0
,450
,4
,102
,938
,0
,250
,57
,58
,0
,0
,0
,2
,0
,0
,0
,0
,21
,0
,2
,1
,2
,2
,0
,0
,21
,0
,115
,7
,0
,48
,11
,11
,0
,339
,0
,235
,18
,0
,16
,61
,2529
,51
,0
,83
,1
,240
,266
,4
,7
,24
,226
,165
,320
,0
,38
,0
,360
,82
,913
,0
,0
,74
,0
,9
,1
,136
,2
,626
,0
,0
,204
,1
,132
,63
,4
,0
,181
,743
,3
,406
,341
,308
,3551
,0
,193
,0
,16
,137
,17
,72
,0
,284
,24
,720
,0
,5
,22
,32
,5
,270
,48
,16
,722
,385
,54
,521
,143
,220
,1
,29
,0
,1577
,0
,0
,0
,0
,67
,0
,62
,301
,6
,10
,2301
,1
,1707
,112
,290
,0
,0
,0
,22
,52
,796
,191
,3
,0
,1197
,1
,0
,0
,0
,0
,3
,1
,0
,191
,1
,1
,115
,193
,1046
,0
,0
,53
,24
,7
,28
,198
,22
,1397
,81
,574
,1
,326
,0
,0
,0
,0
,0
,0
,0
,0
,0
,0
,0
,0
,0
,0
,0
,0
,0
,0
,4
,0
,360
,126
,2
,205
,33
,1
,455
,51
,12
,12
,8
,10
,62
,0
,2
,1
,37
,27
,124
,1
,26
,179
,0
,122
,31
,109
,798
,0
,2
,48
,65
,0
,0
,0
,17
,45
,0
,33
,8
,176
,132
,85
,648
,88
,233
,276
,0
,14
,446
,252
,0
,43
,1
,241
,80
,85
,16
,49
,17
,6
,16
,49
,0
,46
,14
,12
,1581
,573
,0
,783
,27
,74
,645
,103
,0
,3091
,28
,17
,212
,20
,907
,2
,175
,2
,41
,1
,1
,0
,11
,22
,1141
,12
,2219
,19
,5
,14
,6
,746
,75
,0
,34
,0
,0
,34
,0
,164
,77
,60
,21
,13
,0
,19
,0
,802
,113
,1
,2
,17
,1
,0
,234
,12
,233
,5
,610
,526
,0
,0
,118
,28
,2
,831
,66
,0
,41
,39
,12
,453
,7
,7
,42
,19
,6
,4
,5
,703
,501
,5
,68
,35
,1
,23
,783
,1
,41
,0
,169
,1169
,0
,29
,212
,63
,0
,15
,2568
,38
,39
,0
,14
,90
,1
,1
,835
,487
,4
,569
,0
,66
,51
,723
,14
,0
,58
,79
,10
,19
,0
,13
,0
,0
,1
,29
,14
,0
,14
,21
,194
,26
,101
,802
,68
,260
,14
,1
,90
,27
,27
,47
,16
,7
,6
,108
,0
,558
,36
,0
,311
,207
,536
,0
,0
,820
,1050
,197
,29
,1394
,12
,421
,0
,0
,31
,5
,87
,748
,208
,11
,42
,22
,281
,7
,88
,2
,117
,17
,236
,850
,25
,689
,0
,0
,64
,56
,542
,189
,0
,81
,0
,148
,0
,0
,1199
,618
,0
,0
,36
,1
,74
,143
,132
,126
,1
,96
,1105
,39
,299
,820
,4
,32
,213
,0
,433
,36
,213
,11
,31
,11
,426
,105
,155
,132
,1
,431
,518
,354
,12
,3
,1
,76
,2
,2
,1
,0
,384
,163
,0
,1
,6
,28
,638
,151
,0
,18
,2770
,503
,0
,0
,1
,13
,22
,707
,236
,19
,2
,26
,320
,0
,134
,7
,0
,0
,0
,0
,0
,0
,0
,0
,0
,0
,0
,0
,0
,0
,1
,0
,0
,0
,0
,0
,7
,1
,0
,539
,36
,2
,6
,17
,9
,15
,236
,113
,267
,12
,284
,1
,347
,42
,2
,19
,0
,0
,75
,8
,0
,3
,1
,10
,0
,1
,40
,2
,178
,42
,5
,10
,66
,0
,0
,10
,0
,6
,27
,9
,668
,10
,26
,11
,4
,73
,1
,97
,12
,34
,61
,148
,281
,2
,22
,868
,109
,0
,0
,1
,2
,12
,17
,107
,0
,192
,1
,9
,14
,34
,14
,755
,0
,1073
,0
,1191
,578
,2
,0
,55
,0
,118
,27
,117
,211
,55
,0
,0
,0
,55
,721
,0
,3
,0
,77
,9
,82
,3
,98
,1126
,786
,154
,864
,27
,1
,16
,267
,3626
,2
,52
,2
,47
,1
,242
,51
,0
,434
,28
,632
,117
,1372
,39
,4
,2
,38
,0
,0
,0
,0
,69
,2
,60
,0
,0
,0
,20
,0
,23
,0
,0
,216
,0
,9
,0
,102
,319
,13
,1
,402
,19
,1
,0
,2
,0
,13
,17
,193
,1
,28
,106
,24
,84
,124
,12
,0
,0
,0
,29
,0
,0
,0
,49
,887
,0
,0
,1546
,7
,39
,54
,2
,255
,0
,0
,19
,2556
,2
,0
,833
,2
,21
,276
,13
,108
,36
,0
,11
,46
,25
,1
,31
,27
,45
,22
,391
,0
,6
,12
,0
,0
,0
,714
,2
,3
,2
,1658
,109
,9
,0
,122
,9
,626
,1634
,1
,523
,4
,0
,2668
,13
,29
,0
,46
,141
,1
,161
,4
,1
,95
,1
,661
,0
,0
,1435
,4
,0
,351
,1
,1080
,2
,25
,30
,2
,1305
,2
,106
,4
,462
,0
,0
,0
,0
,68
,32
,2
,207
,1
,673
,0
,0
,1418
,45
,1404
,7
,93
,44
,568
,193
,75
,2
,491
,408
,0
,141
,0
,201
,2
,0
,1
,661
,63
,13
,116
,0
,39
,0
,0
,1
,0
,2
,24
,0
,0
,0
,21
,0
,20
,0
,4
,0
,0
,262
,784
,0
,13
,63
,630
,3
,896
,0
,99
,0
,0
,1
,0
,27
,0
,0
,0
,81
,19
,16
,76
,4
,0
,17
,9
,9
,204
,0
,2435
,63
,0
,13
,7
,23
,429
,1
,18
,48
,44
,9
,13
,33
,529
,0
,45
,0
,818
,801
,594
,0
,1082
,0
,0
,223
,23
,43
,21
,2
,1004
,20
,2
,58
,465
,3495
,1
,247
,0
,0
,0
,597
,254
,0
,0
,328
,0
,108
,145
,2
,36
,4
,541
,1
,0
,1
,502
,0
,0
,0
,36
,0
,0
,87
,1
,287
,0
,0
,13
,23
,59
,165
,424
,3
,509
,30
,209
,0
,444
,1
,960
,343
,66
,0
,1
,0
,310
,0
,0
,0
,0
,419
,3877
,0
,1
,4
,0
,867
,1
,1292
,0
,0
,36
,118
,186
,240
,144
,0
,2
,1
,21
,1
,1
,0
,7
,559
,3
,312
,3
,151
,2
,63
,123
,973
,0
,0
,7
,5
,1179
,2906
,1
,1061
,286
,87
,9
,349
,0
,0
,3
,0
,0
,0
,0
,6
,0
,0
,0
,16
,14
,119
,638
,0
,48
,0
,1340
,0
,1
,119
,177
,0
,0
,378
,0
,116
,905
,1556
,0
,105
,2620
,47
,10
,1
,2
,29
,320
,0
,0
,51
,0
,13
,448
,595
,170
,246
,1332
,48
,0
,0
,1
,4
,1607
,0
,717
,15
,1
,64
,474
,3020
,4
,2
,0
,512
,2
,310
,25
,6
,41
,0
,0
,1
,1
,55
,4
,44
,1
,1
,6
,4
,3
,64
,0
,0
,33
,0
,0
,0
,10
,0
,22
,0
,0
,0
,0
,163
,12
,24
,0
,5
,0
,9
,3
,735
,15
,7
,12
,266
,0
,33
,0
,19
,0
,181
,72
,1095
,2
,381
,0
,0
,0
,61
,9
,0
,0
,0
,86
,0
,656
,448
,9
,149
,2
,114
,42
,221
,0
,4
,709
,0
,368
,0
,2
,1348
,154
,852
,495
,107
,9
,6
,391
,0
,0
,163
,0
,57
,603
,4315
,355
,2192
,1495
,0
,89
,183
,13
,237
,817
,236
,0
,0
,0
,0
,0
,0
,0
,0
,0
,0
,0
,0
,0
,0
,0
,0
,0
,0
,0
,54
,3
,162
,5
,0
,0
,0
,0
,0
,0
,32
,1
,108
,0
,0
,0
,0
,0
,0
,29
,18
,2
,28
,0
,11
,0
,1529
,0
,0
,23
,0
,72
,0
,0
,0
,74
,7
,22
,7
,3
,0
,0
,18
,3
,247
,1365
,4
,2119
,0
,80
,436
,0
,4
,79
,818
,138
,0
,29
,0
,0
,0
,0
,41
,0
,0
,4
,43
,0
,5
,43
,0
,0
,12
,205
,769
,12
,153
,34
,33
,0
,0
,38
,0
,0
,0
,95
,34
,68
,5
,9
,11
,886
,33
,1
,2
,2
,136
,65
,125
,8
,231
,83
,16
,2
,28
,590
,0
,78
,18
,12
,48
,13
,26
,9
,348
,27
,0
,0
,108
,178
,861
,1240
,36
,1408
,48
,3
,77
,3
,1
,48
,25
,128
,0
,71
,0
,91
,852
,208
,8
,0
,37
,165
,1054
,59
,0
,0
,0
,0
,3
,7
,277
,1134
,134
,166
,17
,15
,1523
,71
,1248
,0
,1
,1244
,0
,0
,106
,168
,100
,455
,0
,0
,0
,2
,0
,0
,0
,816
,56
,0
,0
,19
,219
,0
,100
,2
,565
,0
,0
,121
,168
,0
,0
,3
,0
,23
,14
,1
,0
,4
,1
,0
,3
,5
,27
,107
,3
,99
,47
,11
,0
,15
,81
,0
,44
,110
,245
,0
,432
,0
,10
,20
,0
,74
,10
,0
,21
,0
,167
,1
,15
,60
,0
,385
,0
,15
,8
,25
,0
,0
,0
,0
,0
,773
,63
,100
,19
,66
,5
,39
,281
,2
,0
,288
,34
,436
,15
,37
,1717
,5
,86
,11
,175
,6
,679
,44
,281
,182
,378
,3
,19
,5
,254
,59
,1
,397
,5
,17
,77
,0
,14
,1
,0
,16
,59
,0
,17
,0
,8
,42
,57
,0
,0
,0
,2
,19
,0
,11
,167
,21
,4
,8
,3
,2
,21
,90
,0
,502
,184
,0
,0
,0
,24
,46
,12
,14
,189
,3
,65
,4
,15
,197
,369
,230
,0
,238
,53
,25
,8
,21
,8
,1
,8
,5
,167
,1
,11
,106
,64
,0
,0
,11
,66
,8
,6
,10
,2
,11
,888
,0
,0
,2
,6
,176
,0
,0
,33
,20
,6
,10
,75
,4394
,39
,0
,24
,0
,32
,7
,12
,4
,3
,809
,470
,10
,32
,0
,29
,9
,9
,1
,1
,72
,16
,706
,34
,13
,2
,17
,14
,3
,637
,737
,143
,0
,5
,1
,2
,13
,0
,17
,0
,102
,22
,21
,6
,14
,138
,0
,0
,0
,0
,766
,309
,88
,57
,396
,3643
,87
,0
,3
,39
,89
,172
,0
,71
,1
,348
,0
,35
,0
,0
,0
,24
,1
,2
,5
,1
,382
,125
,8
,551
,0
,0
,31
,0
,15
,765
,130
,31
,33
,1
,68
,0
,61
,6
,9
,85
,2
,392
,0
,0
,0
,1
,1
,53
,0
,0
,0
,0
,27
,0
,24
,10
,14
,19
,0
,3
,4
,22
,5
,4
,381
,1
,149
,0
,16
,49
,18
,6
,79
,25
,10
,42
,11
,296
,530
,0
,14
,32
,0
,27
,3
,0
,12
,122
,15
,4
,62
,356
,10
,1249
,26
,12
,12
,698
,23
,0
,34
,168
,78
,285
,12
,9
,800
,15
,18
,0
,1
,56
,2
,3
,23
,12
,5
,3
,0
,0
,58
,41
,5
,7
,3
,0
,31
,167
,105
,239
,2
,6
,62
,0
,17
,0
,714
,12
,9
,98
,17
,10
,167
,22
,39
,60
,12
,13
,12
,1
,12
,133
,28
,3
,753
,157
,0
,13
,16
,24
,150
,20
,87
,9
,46
,34
,33
,6
,135
,659
,6
,60
,4
,5
,356
,1204
,369
,2368
,0
,0
,1831
,1247
,68
,0
,1174
,0
,68
,252
,95
,7
,67
,24
,384
,632
,45
,31
,0
,19
,30
,0
,0
,16
,2957
,406
,17
,41
,1006
,342
,2
,853
,140
,3059
,1187
,0
,0
,0
,15
,0
,0
,24
,0
,0
,4122
,19
,712
,929
,8
,24
,27
,115
,330
,1
,47
,725
,0
,338
,7
,107
,275
,10
,141
,1
,87
,32
,646
,61
,157
,159
,64
,1
,649
,148
,2
,73
,0
,0
,1
,13
,0
,0
,0
,6
,3
,52
,0
,113
,0
,109
,11
,10
,6
,3864
,39
,64
,0
,1474
,25
,0
,0
,80
,17
,0
,1
,40
,82
,1146
,96
,43
,12
,0
,151
,242
,1119
,41
,89
,0
,120
,0
,394
,664
,26
,0
,7
,222
,16
,319
,3
,7
,10
,3497
,86
,24
,116
,4
,12
,10
,6
,3
,17
,231
,0
,0
,970
,15
,0
,0
,0
,232
,13
,3
,54
,35
,1
,91
,154
,28
,0
,14
,0
,83
,193
,76
,265
,0
,0
,0
,8
,22
,2
,11
,75
,0
,627
,22
,18
,1
,24
,282
,1007
,0
,362
,10
,51
,0
,413
,2283
,73
,162
,421
,2633
,0
,5567
,0
,0
,5
,0
,19
,0
,0
,18
,0
,0
,62
,0
,1530
,1292
,226
,0
,0
,869
,22
,2
,22
,1
,150
,1357
,1500
,2
,92
,990
,0
,239
,258
,33
,97
,1
,0
,0
,121
,41
,1
,289
,2058
,0
,1453
,1676
,0
,3
,22
,151
,27
,64
,25
,21
,0
,0
,0
,0
,0
,0
,0
,0
,0
,0
,0
,59
,0
,0
,0
,0
,0
,15
,0
,587
,25
,588
,199
,0
,652
,6
,79
,0
,92
,53
,353
,316
,0
,38
,0
,575
,12
,63
,0
,0
,163
,9
,5
,14
,86
,0
,18
,9
,62
,17
,693
,2063
,8
,56
,0
,77
,31
,37
,250
,4
,10
,256
,0
,41
,0
,46
,0
,98
,457
,35
,1200
,2
,367
,2188
,210
,141
,6
,47
,0
,0
,0
,0
,644
,446
,928
,3548
,20
,0
,0
,46
,0
,0
,0
,0
,0
,105
,27
,5
,3
,31
,0
,97
,1210
,0
,71
,100
,134
,2
,50
,23
,230
,38
,6
,766
,0
,0
,256
,1
,32
,0
,0
,4
,0
,0
,0
,0
,0
,41
,0
,0
,0
,0
,3
,107
,31
,582
,121
,0
,182
,0
,86
,52
,4
,0
,26
,699
,1
,270
,50
,16
,12
,7
,132
,39
,289
,1152
,42
,0
,54
,0
,2596
,61
,0
,165
,8
,0
,19
,22
,203
,1622
,39
,1061
,625
,0
,1018
,66
,18
,1388
,84
,3504
,281
,0
,0
,0
,0
,316
,0
,87
,1
,2
,0
,11
,4
,0
,178
,0
,0
,0
,9
,0
,16
,0
,52
,0
,0
,518
,1397
,0
,1794
,14
,12
,167
,10
,5
,137
,544
,7
,32
,900
,36
,85
,1051
,0
,69
,2575
,270
,0
,20
,225
,1026
,0
,0
,0
,2
,392
,38
,28
,99
,3
,362
,2
,1025
,2223
,200
,0
,173
,363
,132
,888
,2410
,4
,5
,230
,188
,16
,49
,352
,722
,182
,55
,231
,7
,2
,1
,0
,10
,303
,39
,31
,31
,324
,296
,10
,1
,2
,75
,22
,204
,879
,155
,0
,89
,0
,0
,0
,0
,0
,0
,36
,2
,115
,0
,0
,17
,85
,0
,951
,0
,26
,132
,25
,36
,1
,9
,17
,0
,66
,0
,15
,53
,205
,877
,21
,27
,1815
,0
,16
,33
,0
,12
,0
,1278
,131
,1
,637
,0
,73
,0
,34
,0
,3247
,355
,1104
,4411
,1
,40
,39
,3
,136
,0
,0
,0
,7
,38
,53
,1
,0
,20
,0
,66
,0
,0
,0
,0
,54
,0
,21
,0
,5
,1163
,1
,18
,0
,7
,292
,645
,0
,2
,1472
,64
,0
,1140
,13
,21
,0
,217
,1492
,0
,0
,0
,2
,0
,4031
,57
,1188
,0
,195
,0
,0
,54
,4
,0
,23
,0
,0
,0
,13
,10
,0
,15
,0
,2
,129
,29
,97
,0
,0
,0
,0
,17
,238
,0
,40
,700
,1
,131
,268
,22
,5584
,0
,0
,0
,116
,77
,17
,0
,23
,816
,0
,0
,325
,459
,2
,912
,1997
,0
,0
,0
,1052
,0
,2
,5436
,0
,0
,213
,0
,1
,0
,1430
,41
,73
,2569
,5828
,0
,1695
,309
,123
,5
,912
,0
,0
,25
,2616
,3373
,61
,218
,0
,0
,17
,580
,108
,3
,163
,28
,43
,1
,4
,4
,1
,36
,0
,4
,0
,0
,56
,4
,30
,0
,0
,0
,0
,0
,129
,0
,0
,2
,0
,9
,10
,39
,0
,26
,73
,10
,295
,1
,315
,0
,50
,0
,95
,76
,0
,28
,42
,45
,3
,0
,54
,0
,119
,0
,6730
,39
,22
,6
,223
,165
,82
,337
,657
,1
,3164
,16
,60
,4
,22
,2
,227
,23
,4
,47
,0
,1286
,138
,22
,5
,13
,1
,2468
,0
,1329
,10
,2
,1131
,3
,239
,1
,10
,0
,177
,1059
,296
,4
,1337
,0
,16
,0
,16
,9
,10
,117
,1302
,8
,1
,10
,351
,73
,3941
,366
,0
,0
,3849
,1198
,14
,4263
,5
,2
,6
,2
,0
,0
,767
,9
,39
,0
,31
,0
,1
,0
,0
,0
,9
,679
,138
,32
,32
,1
,7
,14
,0
,0
,0
,29
,26
,1380
,36
,171
,1
,1
,4
,23
,1
,1168
,25
,2
,0
,0
,3
,51
,66
,0
,154
,0
,109
,0
,0
,0
,0
,0
,0
,0
,33
,0
,4
,40
,0
,0
,0
,8
,0
,523
,0
,6
,0
,0
,4
,268
,178
,101
,0
,13
,84
,3784
,0
,59
,5
,4
,11
,4
,49
,7
,0
,1
,8
,28
,0
,33
,1127
,0
,1
,29
,0
,73
,636
,1
,560
,0
,1644
,0
,1
,0
,199
,1
,79
,0
,10
,1394
,1
,0
,25
,2
,130
,0
,10
,2
,22
,0
,13
,3
,1075
,1314
,20
,26
,2
,400
,1
,3
,946
,11
,290
,36
,4389
,103
,8
,954
,3
,267
,0
,23
,8
,185
,83
,330
,3350
,1
,209
,1
,4
,123
,0
,176
,3
,2
,12
,21
,38
,0
,43
,1
,233
,1
,0
,3
,1
,576
,0
,385
,140
,0
,0
,0
,7
,14
,11
,1180
,0
,0
,5
,72
,69
,4
,10
,16
,29
,0
,7
,22
,14
,1021
,0
,55
,164
,0
,11
,32
,10
,11
,208
,1
,1193
,2
,134
,113
,32
,10
,21
,47
,1015
,17
,98
,7
,11
,50
,1382
,6
,28
,13
,71
,181
,47
,50
,632
,0
,0
,234
,21
,9
,36
,196
,76
,618
,0
,0
,0
,0
,0
,0
,0
,0
,0
,0
,0
,0
,0
,0
,0
,0
,0
,239
,212
,0
,0
,0
,0
,26
,0
,3
,9
,32
,12
,134
,98
,0
,295
,652
,117
,98
,15
,16
,40
,18
,62
,0
,1
,14
,4
,3
,18
,1424
,0
,34
,29
,10
,7
,13
,16
,42
,826
,42
,3
,360
,401
,7
,16
,1
,1043
,15
,6
,2689
,31
,9
,71
,0
,517
,535
,1
,0
,0
,245
,203
,0
,0
,24
,12
,1
,0
,30
,2
,43
,3
,56
,34
,31
,16
,0
,18
,21
,26
,38
,0
,1
,734
,184
,68
,3
,11
,0
,3
,0
,0
,21
,0
,11
,0
,17
,58
,1406
,35
,0
,10
,338
,696
,1
,0
,0
,340
,17
,92
,0
,0
,40
,35
,107
,2816
,159
,2174
,14
,336
,99
,12
,1
,6
,10
,1
,0
,20
,1
,0
,61
,59
,68
,733
,177
,166
,0
,0
,0
,0
,178
,0
,42
,300
,22
,492
,77
,0
,0
,10
,417
,36
,9
,14
,84
,11
,0
,1
,202
,316
,1
,34
,11
,169
,247
,185
,141
,39
,11
,49
,0
,0
,0
,0
,0
,0
,0
,0
,0
,0
,0
,0
,0
,0
,0
,0
,0
,0
,912
,0
,0
,0
,1
,17
,0
,0
,0
,6
,40
,9
,33
,9
,70
,0
,0
,10
,0
,2
,3
,16
,1
,1
,6
,21
,5
,4
,105
,75
,11
,11
,2261
,0
,8
,0
,0
,258
,0
,0
,5
,22
,91
,22
,62
,50
,0
,1
,5
,220
,201
,648
,40
,0
,58
,0
,0
,19
,5
,3
,2
,11
,1
,60
,3
,13
,1
,24
,0
,0
,5
,0
,12
,45
,0
,0
,22
,0
,14
,5
,24
,2
,5
,38
,257
,14
,1
,11
,132
,1
,1
,408
,204
,0
,25
,1
,1
,0
,16
,92
,24
,49
,0
,1
,6
,38
,0
,0
,23
,30
,0
,0
,0
,24
,11
,13
,0
,0
,0
,0
,31
,0
,0
,0
,8
,24
,99
,0
,30
,15
,0
,0
,0
,0
,655
,81
,99
,30
,31
,43
,17
,33
,101
,27
,18
,17
,295
,1
,17
,0
,2
,0
,753
,552
,17
,10
,2
,5
,62
,36
,0
,1
,61
,10
,5
,13
,7
,4
,1
,1916
,0
,39
,0
,38
,0
,12
,0
,3
,147
,69
,1398
,0
,0
,0
,5
,0
,220
,0
,331
,1
,6
,932
,0
,0
,0
,0
,0
,9
,3
,8
,25
,7
,15
,47
,8
,4
,0
,126
,50
,0
,9
,18
,29
,794
,0
,161
,9
,86
,0
,9
,121
,10
,18
,40
,7
,16
,2
,9
,34
,110
,0
,0
,0
,90
,2
,176
,11
,1
,14
,526
,39
,50
,4
,0
,0
,0
,1
,38
,0
,193
,0
,1
,0
,31
,12
,16
,0
,20
,15
,29
,12
,10
,24
,4
,0
,0
,0
,218
,24
,0
,1
,811
,1
,67
,6
,0
,352
,0
,145
,0
,0
,0
,1
,318
,11
,428
,15
,2
,1
,0
,3
,49
,225
,0
,38
,1766
,916
,112
,11
,6
,0
,0
,0
,2
,9
,12
,66
,15
,8
,9
,5
,8
,25
,0
,21
,0
,11
,50
,16
,0
,8
,9
,1
,573
,228
,77
,32
,57
,55
,275
,10
,54
,8
,111
,0
,40
,72
,4
,53
,0
,37
,226
,11
,7
,326
,190
,164
,333
,3
,0
,32
,1088
,28
,493
,0
,0
,0
,0
,2
,563
,1
,35
,6
,0
,7
,19
,1538
,2964
,1
,1444
,82
,643
,0
,0
,16
,520
,0
,0
,0
,400
,3
,1
,31
,6
,6
,65
,1286
,0
,58
,590
,9
,0
,21
,3489
,13
,0
,58
,2580
,75
,6
,70
,63
,130
,226
,2483
,0
,0
,22
,99
,0
,398
,750
,0
,107
,1
,0
,194
,2
,4
,45
,156
,18
,0
,40
,0
,99
,2
,1
,9
,3723
,290
,198
,110
,624
,371
,23
,9
,138
,2
,0
,0
,11
,843
,58
,5
,616
,7
,145
,103
,681
,1
,5
,259
,0
,8
,55
,0
,0
,23
,378
,0
,0
,11
,724
,76
,22
,0
,15
,68
,0
,0
,37
,0
,0
,2
,0
,75
,0
,33
,7
,2
,11
,1009
,46
,1
,2
,329
,1
,55
,877
,0
,0
,4
,435
,1
,15
,10
,24
,8
,1
,37
,18
,58
,934
,273
,172
,223
,1
,132
,24
,0
,11
,0
,12
,7
,2
,0
,9
,7
,4
,9
,8
,3
,5
,551
,51
,0
,0
,28
,0
,12
,7
,4
,1
,6
,13
,10
,6
,2
,0
,12
,0
,2
,19
,0
,41
,17
,26
,57
,274
,108
,0
,0
,0
,0
,0
,0
,0
,0
,0
,0
,0
,0
,0
,75
,0
,215
,475
,10
,1
,0
,0
,10
,100
,50
,48
,0
,15
,29
,3
,9
,20
,5
,13
,33
,0
,0
,26
,33
,0
,2
,231
,203
,16
,7
,21
,9
,0
,473
,0
,34
,0
,106
,0
,2
,0
,25
,36
,2
,27
,3
,75
,5
,33
,0
,13
,1006
,0
,0
,51
,0
,0
,401
,8
,20
,1310
,132
,1
,16
,0
,1164
,60
,0
,0
,26
,1251
,83
,12
,31
,86
,133
,10
,0
,0
,1
,28
,0
,1
,0
,25
,0
,0
,0
,5
,8
,3
,1
,1
,23
,1551
,367
,645
,97
,355
,10
,29
,1
,47
,1265
,364
,0
,7
,5151
,36
,0
,0
,0
,0
,1
,145
,1
,113
,37
,0
,8
,81
,0
,0
,15
,0
,3
,7
,0
,713
,436
,0
,41
,38
,0
,4
,14
,1062
,33
,4
,1435
,34
,1
,40
,3
,0
,55
,144
,25
,245
,17
,2
,45
,482
,34
,2
,28
,56
,3
,155
,0
,0
,222
,12
,1
,13
,16
,79
,188
,12
,0
,14
,1246
,1075
,0
,0
,241
,226
,103
,674
,7
,39
,14
,46
,311
,786
,38
,1
,226
,36
,13
,81
,53
,33
,33
,8
,50
,92
,19
,20
,1002
,1
,365
,308
,0
,693
,85
,1568
,3975
,0
,2
,808
,19
,12
,740
,7
,1
,164
,72
,22
,9
,24
,405
,1
,39
,16
,590
,142
,0
,21
,61
,26
,193
,1124
,158
,114
,12
,14
,16
,1516
,31
,202
,0
,17
,0
,14
,7
,938
,414
,1
,1087
,1413
,10
,26
,11
,66
,1148
,47
,154
,77
,0
,68
,31
,0
,1
,87
,58
,0
,2
,0
,0
,0
,0
,5
,0
,64
,68
,31
,2
,0
,14
,0
,45
,0
,0
,0
,0
,6
,0
,436
,7
,9
,274
,0
,22
,0
,13
,27
,0
,3
,17
,2
,0
,58
,26
,92
,31
,9
,2
,203
,2
,89
,7
,81
,924
,0
,35
,1
,5
,1243
,16
,2
,22
,0
,4167
,0
,265
,1023
,8
,160
,94
,98
,97
,1
,61
,3
,1
,272
,927
,0
,559
,555
,0
,5
,6
,57
,32
,18
,105
,55
,0
,0
,175
,58
,193
,4
,682
,2
,187
,0
,0
,40
,2
,3
,1
,1
,2
,35
,23
,19
,126
,0
,1
,9
,25
,19
,10
,65
,1402
,21
,7
,43
,4
,207
,1196
,60
,1021
,60
,40
,22
,95
,14
,87
,966
,40
,1
,22
,128
,1
,771
,96
,690
,4
,1348
,30
,109
,0
,0
,49
,1458
,95
,311
,42
,29
,4
,623
,0
,13
,391
,845
,0
,928
,2131
,0
,1
,10
,1780
,0
,120
,2262
,0
,28
,85
,0
,0
,86
,20
,5
,263
,5
,0
,1
,0
,40
,0
,0
,0
,0
,38
,34
,1270
,1266
,129
,89
,9
,0
,5
,124
,5
,3
,15
,9
,38
,157
,741
,78
,0
,159
,196
,58
,97
,115
,781
,57
,25
,265
,14
,21
,20
,1
,1276
,12
,7
,0
,0
,0
,20
,30
,7
,1014
,0
,0
,16
,240
,106
,122
,13
,0
,0
,0
,0
,0
,1049
,18
,65
,12
,90
,47
,18
,144
,1022
,32
,4
,0
,18
,365
,48
,2306
,163
,11
,128
,0
,265
,965
,30
,193
,55
,25
,148
,36
,1005
,268
,7
,9
,0
,0
,122
,2
,215
,0
,0
,2
,46
,0
,0
,0
,9
,702
,3
,0
,3
,6
,24
,12
,12
,7
,189
,8
,0
,1138
,59
,0
,0
,0
,7
,52
,0
,1485
,2
,49
,0
,41
,0
,0
,65
,0
,12
,11
,32
,0
,26
,0
,19
,26
,2
,43
,171
,0
,809
,104
,14
,0
,67
,63
,42
,60
,180
,7
,11
,947
,153
,32
,25
,136
,12
,7
,1
,2368
,7
,107
,15
,0
,0
,1
,0
,381
,64
,774
,0
,0
,262
,42
,1
,234
,1047
,364
,0
,1755
,3
,32
,6
,783
,23
,184
,55
,83
,42
,928
,252
,510
,0
,14
,0
,0
,0
,0
,628
,0
,13
,0
,2
,60
,0
,57
,9
,62
,1
,123
,35
,18
,0
,53
,0
,0
,17
,0
,17
,1
,1
,7
,18
,263
,0
,25
,1
,808
,0
,0
,0
,0
,0
,83
,67
,47
,380
,4
,52
,0
,0
,16
,0
,0
,9
,7
,13
,0
,4
,0
,4
,530
,17
,23
,48
,0
,167
,32
,0
,16
,31
,0
,9
,4
,5
,41
,0
,0
,11
,0
,8
,0
,35
,144
,1
,5
,139
,87
,33
,0
,123
,8
,6
,4
,7
,501
,25
,29
,0
,19
,138
,231
,1
,400
,3745
,49
,1
,1198
,397
,4
,1
,6
,1075
,11
,9
,108
,189
,7
,2397
,0
,0
,90
,29
,97
,17
,26
,55
,10
,95
,1283
,3
,16
,2697
,83
,180
,38
,192
,846
,0
,45
,9
,347
,5
,0
,0
,109
,354
,586
,0
,5
,1645
,1134
,1
,483
,1145
,0
,0
,0
,0
,29
,29
,35
,9
,85
,0
,20
,79
,64
,73
,11
,24
,769
,0
,80
,1472
,18
,33
,221
,43
,13
,628
,443
,0
,0
,196
,0
,0
,166
,0
,166
,110
,19
,6
,88
,95
,111
,453
,19
,3
,37
,2
,16
,0
,24
,108
,1
,77
,24
,14
,65
,1
,16
,0
,166
,93
,983
,211
,46
,1079
,26
,93
,52
,0
,0
,0
,0
,0
,56
,16
,83
,11
,11
,15
,0
,2768
,1
,446
,1003
,138
,1096
,3
,0
,19
,2
,199
,2
,12
,78
,16
,4
,40
,5
,50
,11
,73
,6
,96
,3
,768
,131
,0
,3
,44
,0
,34
,1
,87
,45
,100
,813
,91
,19
,51
,175
,1
,14
,25
,14
,0
,101
,0
,43
,1353
,0
,31
,49
,7
,35
,60
,1
,993
,5
,3
,3
,86
,0
,2
,94
,19
,1478
,1140
,107
,8
,109
,0
,0
,41
,6
,39
,38
,11
,71
,128
,0
,0
,0
,0
,0
,0
,0
,0
,0
,0
,0
,0
,963
,0
,0
,0
,0
,0
,27
,50
,0
,0
,0
,30
,19
,14
,41
,26
,0
,0
,17
,2
,13
,26
,13
,3
,8
,50
,342
,0
,6
,13
,3
,589
,4
,26
,55
,16
,40
,0
,55
,44
,13
,20
,4
,14
,15
,41
,14
,22
,28
,91
,0
,41
,719
,0
,1
,131
,235
,5
,8
,5
,11
,0
,19
,31
,30
,3
,9
,36
,22
,1131
,288
,6
,5
,69
,118
,1
,1246
,1390
,6
,526
,852
,117
,6
,3
,2491
,41
,2
,157
,135
,100
,992
,0
,92
,14
,4
,12
,77
,6
,0
,41
,4
,39
,0
,2
,29
,54
,44
,9
,296
,18
,29
,5
,129
,642
,71
,684
,2367
,1083
,103
,0
,53
,7
,0
,1
,0
,4
,6
,52
,3
,0
,3
,7
,14
,3
,20
,2
,40
,223
,193
,694
,0
,54
,118
,26
,3
,4
,7
,4
,1256
,243
,59
,32
,208
,130
,785
,162
,86
,40
,22
,24
,9
,124
,205
,1
,914
,52
,399
,65
,0
,0
,0
,1053
,13
,111
,2624
,51
,23
,55
,41
,44
,20
,21
,812
,159
,26
,115
,25
,2
,6
,26
,36
,11
,1
,25
,15
,52
,166
,6
,32
,23
,805
,3
,0
,197
,1
,1
,1
,3
,0
,5
,23
,24
,0
,36
,7
,97
,40
,34
,18
,0
,2
,8
,2
,5
,55
,11
,200
,2
,24
,12
,46
,35
,491
,127
,19
,29
,62
,145
,2
,35
,62
,29
,11
,1052
,219
,220
,39
,261
,888
,0
,68
,1546
,188
,746
,0
,52
,30
,54
,7
,0
,34
,0
,246
,197
,9
,1239
,1129
,168
,22
,75
,22
,14
,18
,4462
,1369
,15421
,1456
,46
,77
,3
,4972
,485
,343
,77
,249
,946
,0
,154
,6
,88
,23
,84
,4
,2
,88
,22
,1
,0
,3
,2
,34
,0
,968
,150
,25
,11
,5
,140
,331
,0
,4
,0
,1
,0
,4
,0
,22
,640
,0
,7
,0
,1
,14
,1
,268
,55
,19
,18
,98
,12
,3114
,71
,971
,53
,0
,3
,0
,1334
,2
,7
,31
,5
,0
,0
,0
,0
,0
,2
,14
,0
,0
,70
,563
,0
,0
,37
,0
,410
,8
,1
,145
,0
,36
,0
,123
,6
,17
,4
,52
,0
,0
,0
,35
,52
,19
,3
,2
,19
,30
,18
,55
,44
,42
,0
,1077
,39
,38
,0
,0
,1
,2
,10
,39
,1237
,12
,1160
,62
